﻿<?xml version="1.0" encoding="utf-8"?>
<manifest identifier="_5eB9XHB9wxo_course_id" version="1.0" xmlns="http://www.imsproject.org/xsd/imscp_rootv1p1p2" xmlns:adlcp="http://www.adlnet.org/xsd/adlcp_rootv1p2" xmlns:xsi="http://www.w3.org/2001/XMLSchema-instance" xsi:schemaLocation="http://www.imsproject.org/xsd/imscp_rootv1p1p2 imscp_rootv1p1p2.xsd http://www.imsglobal.org/xsd/imsmd_rootv1p2p1 imsmd_rootv1p2p1.xsd http://www.adlnet.org/xsd/adlcp_rootv1p2 adlcp_rootv1p2.xsd">
  <metadata>
    <schema>ADL SCORM</schema>
    <schemaversion>1.2</schemaversion>
    <lom xmlns="http://www.imsglobal.org/xsd/imsmd_rootv1p2p1" xmlns:xsi="http://www.w3.org/2001/XMLSchema-instance" xsi:schemaLocation="http://www.imsglobal.org/xsd/imsmd_rootv1p2p1 imsmd_rootv1p2p1.xsd">
      <general>
        <title>
          <langstring xml:lang="x-none">Scope of Research Integrity</langstring>
        </title>
      </general>
      <lifecycle>
        <version>
          <langstring xml:lang="x-none">1</langstring>
        </version>
        <status>
          <source>
            <langstring xml:lang="x-none">LOMv1.0</langstring>
          </source>
          <value>
            <langstring xml:lang="x-none">Final</langstring>
          </value>
        </status>
      </lifecycle>
      <metametadata>
        <metadatascheme>ADL SCORM 1.2</metadatascheme>
      </metametadata>
      <educational>
        <typicallearningtime>
          <datetime>PT0H0M0S</datetime>
        </typicallearningtime>
      </educational>
      <rights>
        <cost>
          <source>
            <langstring xml:lang="x-none">LOMv1.0</langstring>
          </source>
          <value>
            <langstring xml:lang="x-none">yes</langstring>
          </value>
        </cost>
        <copyrightandotherrestrictions>
          <source>
            <langstring xml:lang="x-none">LOMv1.0</langstring>
          </source>
          <value>
            <langstring xml:lang="x-none">yes</langstring>
          </value>
        </copyrightandotherrestrictions>
      </rights>
    </lom>
  </metadata>
  <organizations default="Scope_of_Research_Integrity_ORG">
    <organization identifier="Scope_of_Research_Integrity_ORG">
      <title>Scope of Research Integrity</title>
      <item identifier="Scope_of_Research_Integrity_SCO" isvisible="true" identifierref="__5eB9XHB9wxo_course_id_RES">
        <title>Scope of Research Integrity</title>
      </item>
    </organization>
  </organizations>
  <resources>
    <resource identifier="__5eB9XHB9wxo_course_id_RES" type="webcontent" href="index_lms.html" adlcp:scormtype="sco">
      <file href="story_content/thumbnail.jpg" />
      <file href="mobile/6Y0Mwdj0ifm_80_DX126_DY126_CX94_CY93.png" />
      <file href="mobile/68WZNoyNPtc_80_DX196_DY196_CX147_CY147.png" />
      <file href="story_content/5ZNaC5PqiPL_44100_56_0.mp3" />
      <file href="story_content/6RyPr705EPF_captions.js" />
      <file href="story_content/6nS80jjaPTW_44100_56_0.mp3" />
      <file href="story_content/5aNWF8ZoDQ4_captions.js" />
      <file href="mobile/5g4KTBWcRid_80_DX278_DY278_CX208_CY144.jpg" />
      <file href="story_content/6lmnkdk1b8p_44100_56_0.mp3" />
      <file href="story_content/6nwp0FPLMtP_captions.js" />
      <file href="mobile/69s7QjMaDgA_80_DX184_DY184_CX138_CY138.gif" />
      <file href="story_content/6dm6RGoyDdT_44100_56_0.mp3" />
      <file href="story_content/6T3NmtDTrox_captions.js" />
      <file href="story_content/6eO8U3zaG2R_44100_56_0.mp3" />
      <file href="story_content/6ficFDlgTcb_captions.js" />
      <file href="mobile/5v5BCiQgnQb_80_P_108_0_284_337_DX420_DY420_CX166_CY197.png" />
      <file href="mobile/5v5BCiQgnQb_80_P_108_0_284_337_DX420_DY420_CX78_CY93.png" />
      <file href="mobile/65i48jzt8rC_80_DX346_DY346_CX183_CY259.jpg" />
      <file href="story_content/6kSHxBxbmWZ_44100_56_0.mp3" />
      <file href="story_content/6qmdeeBSAbT_captions.js" />
      <file href="story_content/6WySEi7r8q1_44100_56_0.mp3" />
      <file href="story_content/5Xd1P9aqo4x_captions.js" />
      <file href="story_content/5w3h1WE8bbd_44100_56_0.mp3" />
      <file href="story_content/6cECrqAXDyK_captions.js" />
      <file href="story_content/6etlFrDQBEQ_44100_56_0.mp3" />
      <file href="story_content/5qkEl8JRKaP_captions.js" />
      <file href="story_content/6GbHy4EMueh_44100_56_0.mp3" />
      <file href="story_content/6rhWj0kjrTC_captions.js" />
      <file href="story_content/6TOZZEjvbAk_44100_56_0.mp3" />
      <file href="story_content/6OnggAHMrNc_captions.js" />
      <file href="story_content/6Gt44zw0yjd_44100_56_0.mp3" />
      <file href="story_content/5W48wZNpbwg_captions.js" />
      <file href="story_content/6Wt3jzDxSQE_44100_56_0.mp3" />
      <file href="story_content/6Infx2w0r2m_44100_56_0.mp3" />
      <file href="story_content/6r9oxlgYSrr_44100_56_0.mp3" />
      <file href="story_content/6hZMy37e6UI_captions.js" />
      <file href="story_content/6OW4ypMlw12_44100_56_0.mp3" />
      <file href="story_content/6lxo4z9NarS_captions.js" />
      <file href="story_content/6ASYNFXjmpg_44100_56_0.mp3" />
      <file href="story_content/68533bszZpr_captions.js" />
      <file href="story_content/5UyNn69EkrZ_44100_56_0.mp3" />
      <file href="story_content/6NGquo7qMZu_captions.js" />
      <file href="story_content/6f42uYVavMC_44100_56_0.mp3" />
      <file href="story_content/6jpparwTvJL_captions.js" />
      <file href="story_content/5nFCnr0769d_44100_56_0.mp3" />
      <file href="story_content/6G28Vj0Ff8S_captions.js" />
      <file href="story_content/5Y8AijLAj9n_44100_56_0.mp3" />
      <file href="story_content/5jEZ635zsd9_captions.js" />
      <file href="story_content/5jsjhFjfbWF_44100_56_0.mp3" />
      <file href="story_content/5yrUW4tqFjH_captions.js" />
      <file href="story_content/6d3cgc4vxiE_44100_56_0.mp3" />
      <file href="story_content/6f0HEcmWVQh_captions.js" />
      <file href="mobile/6phO6sPHsCC_X_80_DX1404_DY1404_CX702_CY503.png" />
      <file href="mobile/6phO6sPHsCC_80_DX1404_DY1404_CX702_CY503.png" />
      <file href="story_content/5gyIRyBVcXn_44100_56_0.mp3" />
      <file href="story_content/6TKE8DZ11kD_captions.js" />
      <file href="story_content/6imEHki9622_44100_56_0.mp3" />
      <file href="story_content/6WcO2aGCeQf_captions.js" />
      <file href="story_content/5n768Cgzxyv_44100_56_0.mp3" />
      <file href="story_content/6ZtkWEfAdBh_captions.js" />
      <file href="story_content/67TXpzVkF1Q_44100_56_0.mp3" />
      <file href="story_content/5y0uGHX91aB_captions.js" />
      <file href="story_content/6AzcH0YwtAP_44100_56_0.mp3" />
      <file href="story_content/62HBODLun15_captions.js" />
      <file href="story_content/6nzuRbhGoGJ_44100_56_0.mp3" />
      <file href="story_content/6HePxhhavQB_captions.js" />
      <file href="story_content/6QXJr6e8svP_44100_56_0.mp3" />
      <file href="story_content/5jZUHyZyj18_captions.js" />
      <file href="story_content/5cg6NQHVmuh_44100_56_0.mp3" />
      <file href="story_content/5u4A5EqrgJT_captions.js" />
      <file href="story_content/6IywHK3p8JJ_44100_56_0.mp3" />
      <file href="story_content/6jOTyWtiKp8_captions.js" />
      <file href="mobile/638OJ5hqVMR_80_DX164_DY164_CX123_CY54.png" />
      <file href="meta.xml" />
      <file href="story_content/user.js" />
      <file href="mobile/txt__default_5ltew5Sv6Ae.png" />
      <file href="mobile/txt__default_6YuP1O1GVU3.png" />
      <file href="mobile/txt__default_6SBPKQDG9Kz.png" />
      <file href="mobile/txt__default_6eG42P7GxgQ.png" />
      <file href="mobile/txt__default_69ToG4SyK18.png" />
      <file href="mobile/txt__default_5eiccPTrsgy.png" />
      <file href="mobile/txt__default_6YirDjLBNT5.png" />
      <file href="mobile/txt__default_67diWvSirzh.png" />
      <file href="mobile/txt__default_5ew5HWFnFxy.png" />
      <file href="mobile/txt__default_6X9naDVNVLU.png" />
      <file href="mobile/txt__default_5W93SOM4sYh.png" />
      <file href="mobile/txt__default_6MbYfAOhG2x.png" />
      <file href="mobile/txt__default_6ZpriFSQ9ji.png" />
      <file href="html5/data/css/output.min.css" />
      <file href="html5/data/js/5s2afuJv7KE.js" />
      <file href="html5/data/js/5vrKw18QTpV.js" />
      <file href="html5/data/js/5W0T9GARJQv.js" />
      <file href="html5/data/js/60PnxaVl6j9.js" />
      <file href="html5/data/js/61mNSsT9ifM.js" />
      <file href="html5/data/js/66Vio5Zj5wi.js" />
      <file href="html5/data/js/6AAJbRoE05r.js" />
      <file href="html5/data/js/6awL78YlHGJ.js" />
      <file href="html5/data/js/6bdQr0RWo9O.js" />
      <file href="html5/data/js/data.js" />
      <file href="html5/data/js/frame.js" />
      <file href="html5/data/js/paths.js" />
      <file href="html5/lib/scripts/ds-bootstrap.min.js" />
      <file href="html5/lib/scripts/ds-frame.desktop.min.js" />
      <file href="html5/lib/scripts/ds-frame.mobile.min.js" />
      <file href="html5/lib/scripts/ds-slides.min.js" />
      <file href="html5/lib/stylesheets/desktop.min.css" />
      <file href="html5/lib/stylesheets/mobile.min.css" />
      <file href="html5/lib/stylesheets/mobile-fonts/open-sans-bold.woff" />
      <file href="html5/lib/stylesheets/mobile-fonts/open-sans-light.woff" />
      <file href="html5/lib/stylesheets/mobile-fonts/open-sans-regular.woff" />
      <file href="analytics-frame.html" />
      <file href="story.html" />
      <file href="index_lms.html" />
      <file href="lms/AICCComm.html" />
      <file href="lms/blank.html" />
      <file href="lms/browsersniff.js" />
      <file href="lms/goodbye.html" />
      <file href="lms/scormdriver.js" />
    </resource>
  </resources>
</manifest>