﻿<?xml version="1.0" encoding="utf-8"?>
<manifest identifier="_5fFTdNQAzeP_course_id" version="1.0" xmlns="http://www.imsproject.org/xsd/imscp_rootv1p1p2" xmlns:adlcp="http://www.adlnet.org/xsd/adlcp_rootv1p2" xmlns:xsi="http://www.w3.org/2001/XMLSchema-instance" xsi:schemaLocation="http://www.imsproject.org/xsd/imscp_rootv1p1p2 imscp_rootv1p1p2.xsd http://www.imsglobal.org/xsd/imsmd_rootv1p2p1 imsmd_rootv1p2p1.xsd http://www.adlnet.org/xsd/adlcp_rootv1p2 adlcp_rootv1p2.xsd">
  <metadata>
    <schema>ADL SCORM</schema>
    <schemaversion>1.2</schemaversion>
    <lom xmlns="http://www.imsglobal.org/xsd/imsmd_rootv1p2p1" xmlns:xsi="http://www.w3.org/2001/XMLSchema-instance" xsi:schemaLocation="http://www.imsglobal.org/xsd/imsmd_rootv1p2p1 imsmd_rootv1p2p1.xsd">
      <general>
        <title>
          <langstring xml:lang="x-none">Virtues in Research</langstring>
        </title>
      </general>
      <lifecycle>
        <version>
          <langstring xml:lang="x-none">1</langstring>
        </version>
        <status>
          <source>
            <langstring xml:lang="x-none">LOMv1.0</langstring>
          </source>
          <value>
            <langstring xml:lang="x-none">Final</langstring>
          </value>
        </status>
      </lifecycle>
      <metametadata>
        <metadatascheme>ADL SCORM 1.2</metadatascheme>
      </metametadata>
      <educational>
        <typicallearningtime>
          <datetime>PT0H0M0S</datetime>
        </typicallearningtime>
      </educational>
      <rights>
        <cost>
          <source>
            <langstring xml:lang="x-none">LOMv1.0</langstring>
          </source>
          <value>
            <langstring xml:lang="x-none">yes</langstring>
          </value>
        </cost>
        <copyrightandotherrestrictions>
          <source>
            <langstring xml:lang="x-none">LOMv1.0</langstring>
          </source>
          <value>
            <langstring xml:lang="x-none">yes</langstring>
          </value>
        </copyrightandotherrestrictions>
      </rights>
    </lom>
  </metadata>
  <organizations default="Virtues_in_Research_ORG">
    <organization identifier="Virtues_in_Research_ORG">
      <title>Virtues in Research</title>
      <item identifier="Virtues_in_Research_SCO" isvisible="true" identifierref="__5fFTdNQAzeP_course_id_RES">
        <title>Virtues in Research</title>
      </item>
    </organization>
  </organizations>
  <resources>
    <resource identifier="__5fFTdNQAzeP_course_id_RES" type="webcontent" href="index_lms.html" adlcp:scormtype="sco">
      <file href="story_content/thumbnail.jpg" />
      <file href="mobile/6Y0Mwdj0ifm_80_DX138_DY138_CX94_CY93.png" />
      <file href="mobile/68WZNoyNPtc_80_DX196_DY196_CX147_CY147.png" />
      <file href="story_content/5Yoo4F6RtgE_44100_48_0.mp3" />
      <file href="story_content/6f609AyjLmr_captions.js" />
      <file href="story_content/6nS80jjaPTW_44100_48_0.mp3" />
      <file href="story_content/5pumOmFRk3S_captions.js" />
      <file href="mobile/5g4KTBWcRid_80_DX278_DY278_CX208_CY144.jpg" />
      <file href="story_content/6lmnkdk1b8p_44100_48_0.mp3" />
      <file href="story_content/6434h9PIZJg_captions.js" />
      <file href="mobile/69s7QjMaDgA_80_DX184_DY184_CX138_CY138.gif" />
      <file href="story_content/6SNGYzXSDpO_44100_48_0.mp3" />
      <file href="story_content/6YWfwepCPVl_captions.js" />
      <file href="story_content/67b48iXX94e_44100_48_0.mp3" />
      <file href="story_content/6YDNEWJFu9M_captions.js" />
      <file href="mobile/65i48jzt8rC_80_DX394_DY394_CX208_CY295.jpg" />
      <file href="story_content/5mLiXY8N86Z_44100_48_0.mp3" />
      <file href="story_content/6AFDxvUeeQQ_captions.js" />
      <file href="story_content/6PW3gzZ5xg8_44100_48_0.mp3" />
      <file href="story_content/5fgJFZkH9pz_captions.js" />
      <file href="story_content/6SXPFTioDMK_44100_48_0.mp3" />
      <file href="story_content/5ygNgXKsbSF_captions.js" />
      <file href="story_content/6fDou1QDqFJ_44100_48_0.mp3" />
      <file href="story_content/6lXMoUcM8eo_captions.js" />
      <file href="story_content/5f7o2tWndGg_44100_48_0.mp3" />
      <file href="story_content/6GooUTl9bFc_captions.js" />
      <file href="story_content/6oprP7MXeK8_44100_48_0.mp3" />
      <file href="story_content/5qzTjQtjrNa_captions.js" />
      <file href="story_content/6YyHcKv5cOQ_44100_48_0.mp3" />
      <file href="story_content/6SOWsy7q7y3_captions.js" />
      <file href="story_content/6Lo1IGOm8Kb_44100_48_0.mp3" />
      <file href="story_content/5o35gHv5DBm_captions.js" />
      <file href="story_content/61ZYEOUz4G4_44100_48_0.mp3" />
      <file href="story_content/5fMOxARhJbf_captions.js" />
      <file href="story_content/5dj7YKHYMMV_44100_48_0.mp3" />
      <file href="story_content/6H1nvoIxCgd_captions.js" />
      <file href="story_content/6VD8bJ5s92Y_44100_48_0.mp3" />
      <file href="story_content/5Ul1ks3UIaq_captions.js" />
      <file href="story_content/5xCTMhW38uO_44100_48_0.mp3" />
      <file href="story_content/62ETRTxfa6o_captions.js" />
      <file href="mobile/6Y0Mwdj0ifm_80_DX140_DY140_CX104_CY103.png" />
      <file href="mobile/65i48jzt8rC_80_DX392_DY392_CX148_CY210.jpg" />
      <file href="story_content/6PmeDPfpD7w_44100_48_0.mp3" />
      <file href="story_content/6lf5A9OH4im_captions.js" />
      <file href="story_content/6IgnR0XQGrR_44100_48_0.mp3" />
      <file href="story_content/6JVCFqUztKv_captions.js" />
      <file href="story_content/6WgY7HMV9WQ_44100_48_0.mp3" />
      <file href="story_content/6GNrAl19sdD_captions.js" />
      <file href="story_content/6n71AL6bWKr_44100_48_0.mp3" />
      <file href="story_content/6NmIFAVsvCE_captions.js" />
      <file href="story_content/6GnRzY91Ida_44100_48_0.mp3" />
      <file href="story_content/5zxgaOOG0D8_captions.js" />
      <file href="story_content/5kS5D3fvz4G_44100_48_0.mp3" />
      <file href="story_content/5eGZ3RChFCx_captions.js" />
      <file href="story_content/6XaerRzCXnL_44100_48_0.mp3" />
      <file href="story_content/5zVH79v9cNF_captions.js" />
      <file href="story_content/5icRlloNEvL_44100_48_0.mp3" />
      <file href="story_content/62yJTkMi9E4_captions.js" />
      <file href="story_content/6DnOrNJ30sm_44100_48_0.mp3" />
      <file href="story_content/6kELGTRqBic_captions.js" />
      <file href="story_content/60yWVpbhDrn_44100_48_0.mp3" />
      <file href="story_content/61TVASOuyat_captions.js" />
      <file href="story_content/6OxeYxKiktt_44100_48_0.mp3" />
      <file href="story_content/5p20ZZZa6wE_captions.js" />
      <file href="story_content/5lQNGK5FrFd_44100_48_0.mp3" />
      <file href="story_content/6H7vmDiJNtQ_captions.js" />
      <file href="story_content/6jfpYCrJHM3_44100_48_0.mp3" />
      <file href="story_content/65B4eQvCPry_captions.js" />
      <file href="story_content/5XPZ5GnzxIL_44100_48_0.mp3" />
      <file href="story_content/6LquGAkjPnE_captions.js" />
      <file href="story_content/5zsgugAEEqL_44100_48_0.mp3" />
      <file href="story_content/6K6chnN4taP_captions.js" />
      <file href="story_content/5o7lY9AEYhW_44100_48_0.mp3" />
      <file href="story_content/5moiSz93RZv_captions.js" />
      <file href="story_content/6Yth96nNvAZ_44100_48_0.mp3" />
      <file href="story_content/6dYBNWTOJMC_captions.js" />
      <file href="story_content/5d2oZLwyEZ9_captions.js" />
      <file href="story_content/6EIzvCswA8q_44100_48_0.mp3" />
      <file href="story_content/6RSKJo0iOP4_captions.js" />
      <file href="story_content/6Z6BoGWq70w_44100_48_0.mp3" />
      <file href="story_content/6p6UN8IdXRo_captions.js" />
      <file href="story_content/6JhqEYUbAji_captions.js" />
      <file href="story_content/5uHLw9Sxu3c_44100_48_0.mp3" />
      <file href="story_content/6QgEyJ5ANDY_captions.js" />
      <file href="story_content/5bL7cT1Pxn0_44100_48_0.mp3" />
      <file href="story_content/5yZuEelJo5t_captions.js" />
      <file href="story_content/5dxCawJIWuQ_44100_48_0.mp3" />
      <file href="story_content/65HZoFBz9yF_captions.js" />
      <file href="story_content/67EOt3rMEMq_captions.js" />
      <file href="story_content/6d6jK8B6TRo_44100_48_0.mp3" />
      <file href="story_content/6mzHRfO0Z5R_captions.js" />
      <file href="story_content/5nViZpAzohc_captions.js" />
      <file href="story_content/6P96MWEAhKI_44100_48_0.mp3" />
      <file href="story_content/5nI2zrV2nsi_captions.js" />
      <file href="story_content/61MEKWtTl0g_44100_48_0.mp3" />
      <file href="story_content/6laXbEvp6j2_captions.js" />
      <file href="story_content/5iU20BmgaUr_44100_48_0.mp3" />
      <file href="story_content/6ODazAuyQvK_captions.js" />
      <file href="story_content/68Als10g4Ii_44100_48_0.mp3" />
      <file href="story_content/5yR8ytXsyTX_captions.js" />
      <file href="story_content/5s7CcNoZ4Mi_44100_48_0.mp3" />
      <file href="story_content/5jsALBTOFvz_captions.js" />
      <file href="story_content/6iJhLPNtZxd_captions.js" />
      <file href="story_content/6bLivCD61D7_captions.js" />
      <file href="story_content/5zSiCZsXyLu_44100_48_0.mp3" />
      <file href="story_content/5gPZz9y9Cqt_captions.js" />
      <file href="story_content/61i8yAYqStq_captions.js" />
      <file href="story_content/6AqB8qsbqE7_44100_48_0.mp3" />
      <file href="story_content/6LAaSapkRRD_captions.js" />
      <file href="story_content/6EJ3utJMhVd_44100_48_0.mp3" />
      <file href="story_content/653DwDMaelh_captions.js" />
      <file href="story_content/5zFU8LJdjWF_44100_48_0.mp3" />
      <file href="story_content/6IIbrswWH9n_captions.js" />
      <file href="story_content/5pfXhefsLZ0_44100_48_0.mp3" />
      <file href="story_content/6qSlYF60Yef_captions.js" />
      <file href="story_content/6cE2R1NKkXJ_44100_48_0.mp3" />
      <file href="story_content/6qNYHl88WKJ_captions.js" />
      <file href="story_content/6R5RZgXLoQi_44100_48_0.mp3" />
      <file href="story_content/64xe6FWY7Fv_captions.js" />
      <file href="story_content/5hTO6AVME1P_44100_48_0.mp3" />
      <file href="story_content/6NfBSpP5kN8_captions.js" />
      <file href="story_content/5xkHJ8p1Ktf_captions.js" />
      <file href="story_content/6qcWa7sbjsB_captions.js" />
      <file href="story_content/5g2RO5zOjHz_44100_48_0.mp3" />
      <file href="story_content/5drlv7Qn2U2_captions.js" />
      <file href="story_content/6rEAypEfNP1_44100_48_0.mp3" />
      <file href="story_content/65l4Od4NpE5_captions.js" />
      <file href="story_content/6dNLD4MzDxl_44100_48_0.mp3" />
      <file href="story_content/5lkbUPnp9xe_captions.js" />
      <file href="story_content/67TMwhXxArq_44100_48_0.mp3" />
      <file href="story_content/6olNB7Oi6t7_captions.js" />
      <file href="story_content/5ojuwxTuynh_44100_48_0.mp3" />
      <file href="story_content/5tVfmUWMWPg_captions.js" />
      <file href="story_content/5bVBXP461TR_44100_48_0.mp3" />
      <file href="story_content/66EkgE3dAem_captions.js" />
      <file href="story_content/5tTVEivnxdb_44100_48_0.mp3" />
      <file href="story_content/6fTdP3Nq7mG_captions.js" />
      <file href="story_content/6HrUY9sMvCa_44100_48_0.mp3" />
      <file href="story_content/6pwlwTFabUy_captions.js" />
      <file href="mobile/638OJ5hqVMR_80_DX164_DY164_CX123_CY54.png" />
      <file href="meta.xml" />
      <file href="story_content/user.js" />
      <file href="mobile/txt__default_5tHSwbXhAnQ.png" />
      <file href="mobile/txt__default_5lGq1zdaPSr.png" />
      <file href="mobile/txt__default_5hhLBlrVVyQ.png" />
      <file href="mobile/txt__default_5vabykVLwhJ.png" />
      <file href="mobile/txt__default_5bgsEknoVwD.png" />
      <file href="mobile/txt__default_Selected_5bgsEknoVwD.png" />
      <file href="mobile/txt__default_6arrhWGilIy.png" />
      <file href="mobile/txt__default_Selected_6arrhWGilIy.png" />
      <file href="mobile/txt__default_65b83GNrAeQ.png" />
      <file href="mobile/txt__default_Selected_65b83GNrAeQ.png" />
      <file href="mobile/txt__default_63kz9ushkz7.png" />
      <file href="mobile/txt__default_Selected_63kz9ushkz7.png" />
      <file href="mobile/txt__default_6XMYChYVoxp.png" />
      <file href="mobile/txt__default_Selected_6XMYChYVoxp.png" />
      <file href="mobile/txt__default_5louIGKmH8c.png" />
      <file href="mobile/txt__default_Selected_5louIGKmH8c.png" />
      <file href="mobile/txt__default_6T29g5Bb1Uk.png" />
      <file href="mobile/txt__default_Selected_6T29g5Bb1Uk.png" />
      <file href="mobile/txt__default_6e3g1gT3O2u.png" />
      <file href="mobile/txt__default_Selected_6e3g1gT3O2u.png" />
      <file href="mobile/txt__default_6XddFvBvGT2.png" />
      <file href="mobile/txt__default_Selected_6XddFvBvGT2.png" />
      <file href="mobile/txt__default_6WcBhtmNHUM.png" />
      <file href="mobile/txt__default_Selected_6WcBhtmNHUM.png" />
      <file href="mobile/txt__default_6p8D4qF86D7.png" />
      <file href="mobile/txt__default_Selected_6p8D4qF86D7.png" />
      <file href="mobile/txt__default_6MHU6o2Sz4X.png" />
      <file href="mobile/txt__default_Selected_6MHU6o2Sz4X.png" />
      <file href="mobile/txt__default_64rftiQqSuL.png" />
      <file href="mobile/txt__default_Selected_64rftiQqSuL.png" />
      <file href="mobile/txt__default_61FcHqCnfn8.png" />
      <file href="mobile/txt__default_Selected_61FcHqCnfn8.png" />
      <file href="mobile/txt__default_65SOd51Gt1l.png" />
      <file href="mobile/txt__default_Selected_65SOd51Gt1l.png" />
      <file href="mobile/txt__default_6q6eVIKM5oY.png" />
      <file href="mobile/txt__default_Selected_6q6eVIKM5oY.png" />
      <file href="mobile/txt__default_6Oo0k1G2Jf2.png" />
      <file href="mobile/txt__default_Selected_6Oo0k1G2Jf2.png" />
      <file href="mobile/txt__default_5ZOl2FmMmeB.png" />
      <file href="mobile/txt__default_Selected_5ZOl2FmMmeB.png" />
      <file href="mobile/txt__default_5ddcxKO95vT.png" />
      <file href="mobile/txt__default_Selected_5ddcxKO95vT.png" />
      <file href="mobile/txt__default_5zcRVy5P0Dk.png" />
      <file href="mobile/txt__default_Selected_5zcRVy5P0Dk.png" />
      <file href="mobile/txt__default_5fqyeBu4cIN.png" />
      <file href="mobile/txt__default_Selected_5fqyeBu4cIN.png" />
      <file href="mobile/txt__default_61UoiK2bPWO.png" />
      <file href="mobile/txt__default_Selected_61UoiK2bPWO.png" />
      <file href="mobile/txt__default_6QULGYcvKin.png" />
      <file href="mobile/txt__default_Selected_6QULGYcvKin.png" />
      <file href="mobile/txt__default_5W1HlM4j3UM.png" />
      <file href="mobile/txt__default_Selected_5W1HlM4j3UM.png" />
      <file href="mobile/txt__default_6JfUlY5ZX4n.png" />
      <file href="mobile/txt__default_6cSytjpKe4F.png" />
      <file href="mobile/txt__default_6Xb3AyYaCz8.png" />
      <file href="mobile/txt__default_63RQAFPFjVG.png" />
      <file href="mobile/txt__default_5rw5WGHj7rj.png" />
      <file href="mobile/txt__default_6P0HcIy6oDk.png" />
      <file href="mobile/txt__default_64KR3jICMDN.png" />
      <file href="mobile/txt__default_Selected_64KR3jICMDN.png" />
      <file href="mobile/txt_Submitted_64KR3jICMDN.png" />
      <file href="mobile/txt_Submitted_Selected_64KR3jICMDN.png" />
      <file href="mobile/txt_NotSelected_64KR3jICMDN.png" />
      <file href="mobile/txt_NotSelected_Selected_64KR3jICMDN.png" />
      <file href="mobile/txt__default_5lk7jeCgywo.png" />
      <file href="mobile/txt__default_Selected_5lk7jeCgywo.png" />
      <file href="mobile/txt_Submitted_5lk7jeCgywo.png" />
      <file href="mobile/txt_Submitted_Selected_5lk7jeCgywo.png" />
      <file href="mobile/txt_NotSelected_5lk7jeCgywo.png" />
      <file href="mobile/txt_NotSelected_Selected_5lk7jeCgywo.png" />
      <file href="mobile/txt__default_5xAt5znCtLm.png" />
      <file href="mobile/txt__default_Selected_5xAt5znCtLm.png" />
      <file href="mobile/txt_Submitted_5xAt5znCtLm.png" />
      <file href="mobile/txt_Submitted_Selected_5xAt5znCtLm.png" />
      <file href="mobile/txt_NotSelected_5xAt5znCtLm.png" />
      <file href="mobile/txt_NotSelected_Selected_5xAt5znCtLm.png" />
      <file href="mobile/txt__default_5mqP0UkvKwD.png" />
      <file href="mobile/txt__default_Selected_5mqP0UkvKwD.png" />
      <file href="mobile/txt_Submitted_5mqP0UkvKwD.png" />
      <file href="mobile/txt_Submitted_Selected_5mqP0UkvKwD.png" />
      <file href="mobile/txt_NotSelected_5mqP0UkvKwD.png" />
      <file href="mobile/txt_NotSelected_Selected_5mqP0UkvKwD.png" />
      <file href="mobile/txt__default_5yCihBCbBRd.png" />
      <file href="mobile/txt__default_Selected_5yCihBCbBRd.png" />
      <file href="mobile/txt_Submitted_5yCihBCbBRd.png" />
      <file href="mobile/txt_Submitted_Selected_5yCihBCbBRd.png" />
      <file href="mobile/txt_NotSelected_5yCihBCbBRd.png" />
      <file href="mobile/txt_NotSelected_Selected_5yCihBCbBRd.png" />
      <file href="mobile/txt__default_6UDvRn8zayo.png" />
      <file href="mobile/txt__default_Selected_6UDvRn8zayo.png" />
      <file href="mobile/txt_Submitted_6UDvRn8zayo.png" />
      <file href="mobile/txt_Submitted_Selected_6UDvRn8zayo.png" />
      <file href="mobile/txt_NotSelected_6UDvRn8zayo.png" />
      <file href="mobile/txt_NotSelected_Selected_6UDvRn8zayo.png" />
      <file href="mobile/txt__default_6Dl562ETJKr.png" />
      <file href="mobile/txt__default_Selected_6Dl562ETJKr.png" />
      <file href="mobile/txt_Submitted_6Dl562ETJKr.png" />
      <file href="mobile/txt_Submitted_Selected_6Dl562ETJKr.png" />
      <file href="mobile/txt_NotSelected_6Dl562ETJKr.png" />
      <file href="mobile/txt_NotSelected_Selected_6Dl562ETJKr.png" />
      <file href="mobile/txt__default_6DMgiP2dv8r.png" />
      <file href="mobile/txt__default_Selected_6DMgiP2dv8r.png" />
      <file href="mobile/txt_Submitted_6DMgiP2dv8r.png" />
      <file href="mobile/txt_Submitted_Selected_6DMgiP2dv8r.png" />
      <file href="mobile/txt_NotSelected_6DMgiP2dv8r.png" />
      <file href="mobile/txt_NotSelected_Selected_6DMgiP2dv8r.png" />
      <file href="mobile/txt__default_6J6zluBX0wa.png" />
      <file href="mobile/txt__default_Selected_6J6zluBX0wa.png" />
      <file href="mobile/txt_Submitted_6J6zluBX0wa.png" />
      <file href="mobile/txt_Submitted_Selected_6J6zluBX0wa.png" />
      <file href="mobile/txt_NotSelected_6J6zluBX0wa.png" />
      <file href="mobile/txt_NotSelected_Selected_6J6zluBX0wa.png" />
      <file href="mobile/txt__default_6AyMM0QbbHn.png" />
      <file href="mobile/txt__default_Selected_6AyMM0QbbHn.png" />
      <file href="mobile/txt_Submitted_6AyMM0QbbHn.png" />
      <file href="mobile/txt_Submitted_Selected_6AyMM0QbbHn.png" />
      <file href="mobile/txt_NotSelected_6AyMM0QbbHn.png" />
      <file href="mobile/txt_NotSelected_Selected_6AyMM0QbbHn.png" />
      <file href="mobile/txt__default_61cfKglnsy3.png" />
      <file href="mobile/txt__default_Selected_61cfKglnsy3.png" />
      <file href="mobile/txt_Submitted_61cfKglnsy3.png" />
      <file href="mobile/txt_Submitted_Selected_61cfKglnsy3.png" />
      <file href="mobile/txt_NotSelected_61cfKglnsy3.png" />
      <file href="mobile/txt_NotSelected_Selected_61cfKglnsy3.png" />
      <file href="mobile/txt__default_5ukHp2ngQYk.png" />
      <file href="mobile/txt__default_Selected_5ukHp2ngQYk.png" />
      <file href="mobile/txt_Submitted_5ukHp2ngQYk.png" />
      <file href="mobile/txt_Submitted_Selected_5ukHp2ngQYk.png" />
      <file href="mobile/txt_NotSelected_5ukHp2ngQYk.png" />
      <file href="mobile/txt_NotSelected_Selected_5ukHp2ngQYk.png" />
      <file href="mobile/txt__default_6jOK6H9C4KR.png" />
      <file href="mobile/txt__default_Selected_6jOK6H9C4KR.png" />
      <file href="mobile/txt_Submitted_6jOK6H9C4KR.png" />
      <file href="mobile/txt_Submitted_Selected_6jOK6H9C4KR.png" />
      <file href="mobile/txt_NotSelected_6jOK6H9C4KR.png" />
      <file href="mobile/txt_NotSelected_Selected_6jOK6H9C4KR.png" />
      <file href="mobile/txt__default_5tbcKyQANOG.png" />
      <file href="mobile/txt__default_Selected_5tbcKyQANOG.png" />
      <file href="mobile/txt_Submitted_5tbcKyQANOG.png" />
      <file href="mobile/txt_Submitted_Selected_5tbcKyQANOG.png" />
      <file href="mobile/txt_NotSelected_5tbcKyQANOG.png" />
      <file href="mobile/txt_NotSelected_Selected_5tbcKyQANOG.png" />
      <file href="mobile/txt__default_6UkTBU8jFYn.png" />
      <file href="mobile/txt__default_Selected_6UkTBU8jFYn.png" />
      <file href="mobile/txt_Submitted_6UkTBU8jFYn.png" />
      <file href="mobile/txt_Submitted_Selected_6UkTBU8jFYn.png" />
      <file href="mobile/txt_NotSelected_6UkTBU8jFYn.png" />
      <file href="mobile/txt_NotSelected_Selected_6UkTBU8jFYn.png" />
      <file href="mobile/txt__default_6dd1hNoogFx.png" />
      <file href="mobile/txt__default_Selected_6dd1hNoogFx.png" />
      <file href="mobile/txt_Submitted_6dd1hNoogFx.png" />
      <file href="mobile/txt_Submitted_Selected_6dd1hNoogFx.png" />
      <file href="mobile/txt_NotSelected_6dd1hNoogFx.png" />
      <file href="mobile/txt_NotSelected_Selected_6dd1hNoogFx.png" />
      <file href="mobile/txt__default_5X4oyfiW5J4.png" />
      <file href="mobile/txt__default_Selected_5X4oyfiW5J4.png" />
      <file href="mobile/txt_Submitted_5X4oyfiW5J4.png" />
      <file href="mobile/txt_Submitted_Selected_5X4oyfiW5J4.png" />
      <file href="mobile/txt_NotSelected_5X4oyfiW5J4.png" />
      <file href="mobile/txt_NotSelected_Selected_5X4oyfiW5J4.png" />
      <file href="mobile/txt__default_5Y3lRlE8Lh0.png" />
      <file href="mobile/txt__default_Selected_5Y3lRlE8Lh0.png" />
      <file href="mobile/txt_Submitted_5Y3lRlE8Lh0.png" />
      <file href="mobile/txt_Submitted_Selected_5Y3lRlE8Lh0.png" />
      <file href="mobile/txt_NotSelected_5Y3lRlE8Lh0.png" />
      <file href="mobile/txt_NotSelected_Selected_5Y3lRlE8Lh0.png" />
      <file href="mobile/txt__default_64LkFVOCe6G.png" />
      <file href="mobile/txt__default_Selected_64LkFVOCe6G.png" />
      <file href="mobile/txt_Submitted_64LkFVOCe6G.png" />
      <file href="mobile/txt_Submitted_Selected_64LkFVOCe6G.png" />
      <file href="mobile/txt_NotSelected_64LkFVOCe6G.png" />
      <file href="mobile/txt_NotSelected_Selected_64LkFVOCe6G.png" />
      <file href="mobile/txt__default_6V5wdPW4V95.png" />
      <file href="mobile/txt__default_Selected_6V5wdPW4V95.png" />
      <file href="mobile/txt_Submitted_6V5wdPW4V95.png" />
      <file href="mobile/txt_Submitted_Selected_6V5wdPW4V95.png" />
      <file href="mobile/txt_NotSelected_6V5wdPW4V95.png" />
      <file href="mobile/txt_NotSelected_Selected_6V5wdPW4V95.png" />
      <file href="mobile/txt__default_6kHO0KDXCxo.png" />
      <file href="mobile/txt__default_Selected_6kHO0KDXCxo.png" />
      <file href="mobile/txt_Submitted_6kHO0KDXCxo.png" />
      <file href="mobile/txt_Submitted_Selected_6kHO0KDXCxo.png" />
      <file href="mobile/txt_NotSelected_6kHO0KDXCxo.png" />
      <file href="mobile/txt_NotSelected_Selected_6kHO0KDXCxo.png" />
      <file href="mobile/txt__default_6jtfjLsTKIu.png" />
      <file href="mobile/txt__default_Selected_6jtfjLsTKIu.png" />
      <file href="mobile/txt_Submitted_6jtfjLsTKIu.png" />
      <file href="mobile/txt_Submitted_Selected_6jtfjLsTKIu.png" />
      <file href="mobile/txt_NotSelected_6jtfjLsTKIu.png" />
      <file href="mobile/txt_NotSelected_Selected_6jtfjLsTKIu.png" />
      <file href="mobile/txt__default_5xIg77TQ4Vv.png" />
      <file href="mobile/txt__default_Selected_5xIg77TQ4Vv.png" />
      <file href="mobile/txt_Submitted_5xIg77TQ4Vv.png" />
      <file href="mobile/txt_Submitted_Selected_5xIg77TQ4Vv.png" />
      <file href="mobile/txt_NotSelected_5xIg77TQ4Vv.png" />
      <file href="mobile/txt_NotSelected_Selected_5xIg77TQ4Vv.png" />
      <file href="mobile/txt__default_6lcmLK1U0kb.png" />
      <file href="mobile/txt__default_Selected_6lcmLK1U0kb.png" />
      <file href="mobile/txt_Submitted_6lcmLK1U0kb.png" />
      <file href="mobile/txt_Submitted_Selected_6lcmLK1U0kb.png" />
      <file href="mobile/txt_NotSelected_6lcmLK1U0kb.png" />
      <file href="mobile/txt_NotSelected_Selected_6lcmLK1U0kb.png" />
      <file href="html5/data/css/output.min.css" />
      <file href="html5/data/js/5dWE6gIGufh.js" />
      <file href="html5/data/js/5dXc1m8YJ4l.js" />
      <file href="html5/data/js/5ehhdx4qjcD.js" />
      <file href="html5/data/js/5fxpAZErDFg.js" />
      <file href="html5/data/js/5ij0jHP8w7i.js" />
      <file href="html5/data/js/5pQ5ZJ7eEG7.js" />
      <file href="html5/data/js/5Zn6Q0TpGWC.js" />
      <file href="html5/data/js/5zYgOULuScO.js" />
      <file href="html5/data/js/68KfK0Gyt25.js" />
      <file href="html5/data/js/6BLz7d60sgg.js" />
      <file href="html5/data/js/6DoIbu0r1ok.js" />
      <file href="html5/data/js/6KFxI74GNIf.js" />
      <file href="html5/data/js/6ngbyzUTczM.js" />
      <file href="html5/data/js/6OylQD8jzE7.js" />
      <file href="html5/data/js/6URmmJ3wEn8.js" />
      <file href="html5/data/js/data.js" />
      <file href="html5/data/js/frame.js" />
      <file href="html5/data/js/paths.js" />
      <file href="html5/lib/scripts/bootstrapper.min.js" />
      <file href="html5/lib/scripts/frame.desktop.min.js" />
      <file href="html5/lib/scripts/frame.mobile.min.js" />
      <file href="html5/lib/scripts/slides.min.js" />
      <file href="html5/lib/stylesheets/desktop.min.css" />
      <file href="html5/lib/stylesheets/mobile.min.css" />
      <file href="html5/lib/stylesheets/mobile-fonts/open-sans-bold.woff" />
      <file href="html5/lib/stylesheets/mobile-fonts/open-sans-light.woff" />
      <file href="html5/lib/stylesheets/mobile-fonts/open-sans-regular.woff" />
      <file href="analytics-frame.html" />
      <file href="story.html" />
      <file href="index_lms.html" />
      <file href="lms/AICCComm.html" />
      <file href="lms/blank.html" />
      <file href="lms/browsersniff.js" />
      <file href="lms/goodbye.html" />
      <file href="lms/LICENSE.txt" />
      <file href="lms/scormdriver.js" />
    </resource>
  </resources>
</manifest>