﻿<?xml version="1.0" encoding="utf-8"?>
<manifest identifier="_5XnDtAczVts_course_id" version="1.0" xmlns="http://www.imsproject.org/xsd/imscp_rootv1p1p2" xmlns:adlcp="http://www.adlnet.org/xsd/adlcp_rootv1p2" xmlns:xsi="http://www.w3.org/2001/XMLSchema-instance" xsi:schemaLocation="http://www.imsproject.org/xsd/imscp_rootv1p1p2 imscp_rootv1p1p2.xsd http://www.imsglobal.org/xsd/imsmd_rootv1p2p1 imsmd_rootv1p2p1.xsd http://www.adlnet.org/xsd/adlcp_rootv1p2 adlcp_rootv1p2.xsd">
  <metadata>
    <schema>ADL SCORM</schema>
    <schemaversion>1.2</schemaversion>
    <lom xmlns="http://www.imsglobal.org/xsd/imsmd_rootv1p2p1" xmlns:xsi="http://www.w3.org/2001/XMLSchema-instance" xsi:schemaLocation="http://www.imsglobal.org/xsd/imsmd_rootv1p2p1 imsmd_rootv1p2p1.xsd">
      <general>
        <title>
          <langstring xml:lang="x-none">To make a virtue of necessity</langstring>
        </title>
      </general>
      <lifecycle>
        <version>
          <langstring xml:lang="x-none">1</langstring>
        </version>
        <status>
          <source>
            <langstring xml:lang="x-none">LOMv1.0</langstring>
          </source>
          <value>
            <langstring xml:lang="x-none">Final</langstring>
          </value>
        </status>
      </lifecycle>
      <metametadata>
        <metadatascheme>ADL SCORM 1.2</metadatascheme>
      </metametadata>
      <educational>
        <typicallearningtime>
          <datetime>PT0H0M0S</datetime>
        </typicallearningtime>
      </educational>
      <rights>
        <cost>
          <source>
            <langstring xml:lang="x-none">LOMv1.0</langstring>
          </source>
          <value>
            <langstring xml:lang="x-none">yes</langstring>
          </value>
        </cost>
        <copyrightandotherrestrictions>
          <source>
            <langstring xml:lang="x-none">LOMv1.0</langstring>
          </source>
          <value>
            <langstring xml:lang="x-none">yes</langstring>
          </value>
        </copyrightandotherrestrictions>
      </rights>
    </lom>
  </metadata>
  <organizations default="To_make_a_virtue_of_necessity_ORG">
    <organization identifier="To_make_a_virtue_of_necessity_ORG">
      <title>To make a virtue of necessity</title>
      <item identifier="To_make_a_virtue_of_necessity_SCO" isvisible="true" identifierref="__5XnDtAczVts_course_id_RES">
        <title>To make a virtue of necessity</title>
      </item>
    </organization>
  </organizations>
  <resources>
    <resource identifier="__5XnDtAczVts_course_id_RES" type="webcontent" href="index_lms.html" adlcp:scormtype="sco">
      <file href="story_content/thumbnail.jpg" />
      <file href="mobile/6Y0Mwdj0ifm_80_DX126_DY126_CX94_CY93.png" />
      <file href="mobile/68WZNoyNPtc_80_DX196_DY196_CX147_CY147.png" />
      <file href="story_content/6hnRaBXyNvq_44100_48_0.mp3" />
      <file href="story_content/5z2mll4hhfS_captions.js" />
      <file href="story_content/6nS80jjaPTW_44100_48_0.mp3" />
      <file href="story_content/6kJnwDp2kBX_captions.js" />
      <file href="mobile/5g4KTBWcRid_80_DX278_DY278_CX208_CY144.jpg" />
      <file href="story_content/6lmnkdk1b8p_44100_48_0.mp3" />
      <file href="story_content/5w9zc0nt4al_captions.js" />
      <file href="mobile/5okJSWfIGmV_80_P_0_0_203_176_DX132_DY132_CX49_CY43.png" />
      <file href="mobile/69s7QjMaDgA_80_DX184_DY184_CX138_CY138.gif" />
      <file href="story_content/6gS7d0zkOV8_44100_48_0.mp3" />
      <file href="story_content/5mRESmrPdIA_captions.js" />
      <file href="mobile/5okJSWfIGmV_80_P_0_0_203_176_DX132_DY132_CX34_CY30.png" />
      <file href="story_content/66fhoqDiBDS_44100_48_0.mp3" />
      <file href="story_content/5sskOjPqmf0_captions.js" />
      <file href="story_content/6Sy0tjAAFCw_44100_48_0.mp3" />
      <file href="story_content/5fQPbX6Lf9Z_captions.js" />
      <file href="story_content/5zTO30pzZv1_44100_48_0.mp3" />
      <file href="story_content/6720TeOgHWl_captions.js" />
      <file href="story_content/5iEag6seZe5_44100_48_0.mp3" />
      <file href="story_content/64f5NFQjVYV_captions.js" />
      <file href="story_content/6QDQ8sCAP5h_44100_48_0.mp3" />
      <file href="story_content/5zpvNspoQh5_captions.js" />
      <file href="story_content/5kfjgus5g5C_44100_48_0.mp3" />
      <file href="story_content/5cQUeun3KE0_captions.js" />
      <file href="story_content/6GgKmuPtT89_44100_48_0.mp3" />
      <file href="story_content/5pVM1NqoVL1_captions.js" />
      <file href="story_content/6ntpv3feQnv_44100_48_0.mp3" />
      <file href="story_content/65pqndNg2O4_captions.js" />
      <file href="story_content/5aUAphSFCJA_44100_48_0.mp3" />
      <file href="story_content/6p2Abmg1BYV_captions.js" />
      <file href="story_content/5WKeIdmYGcO_44100_48_0.mp3" />
      <file href="story_content/5mo1HPlvy3i_captions.js" />
      <file href="story_content/6iW9KvcZ9gm_44100_48_0.mp3" />
      <file href="story_content/5ehTaj2kAvN_captions.js" />
      <file href="story_content/61ypUWt7p1b_44100_48_0.mp3" />
      <file href="story_content/6YjgkOjpXCF_captions.js" />
      <file href="story_content/6kG13SxBma6_44100_48_0.mp3" />
      <file href="story_content/5na8BjrJE3P_captions.js" />
      <file href="story_content/6RSvfSXvw95_44100_48_0.mp3" />
      <file href="story_content/6Q3hYxynGNC_captions.js" />
      <file href="story_content/5eJEATUSB5n_44100_48_0.mp3" />
      <file href="story_content/5YGUu02ZWfj_captions.js" />
      <file href="story_content/6lb5CDn2bVb_44100_48_0.mp3" />
      <file href="story_content/5jcQeixCH0G_captions.js" />
      <file href="story_content/5hutB2igQkE_44100_48_0.mp3" />
      <file href="story_content/61stzf7sjoS_captions.js" />
      <file href="story_content/5WhuphFwwSl_44100_48_0.mp3" />
      <file href="story_content/6YhmxGX749m_captions.js" />
      <file href="story_content/6h02yBBQ5Im_44100_48_0.mp3" />
      <file href="story_content/5fYHinLgLac_captions.js" />
      <file href="story_content/5fKeUKbvdZa_44100_48_0.mp3" />
      <file href="story_content/5vCpZqmX6mE_captions.js" />
      <file href="story_content/5zNUvS63rJC_44100_48_0.mp3" />
      <file href="story_content/6U4nOWU9Nml_captions.js" />
      <file href="story_content/5dkAbNVGKDb_44100_48_0.mp3" />
      <file href="story_content/6OKX16v6tDs_captions.js" />
      <file href="story_content/6JXvyZsGrto_44100_48_0.mp3" />
      <file href="story_content/6ScQ5BCFSyZ_captions.js" />
      <file href="story_content/6FeJdPOTbaf_44100_48_0.mp3" />
      <file href="story_content/6qVlJJK3cES_captions.js" />
      <file href="story_content/69zSprVvKfD_44100_48_0.mp3" />
      <file href="story_content/6DNdNOydXtU_captions.js" />
      <file href="mobile/638OJ5hqVMR_80_DX164_DY164_CX123_CY54.png" />
      <file href="meta.xml" />
      <file href="story_content/user.js" />
      <file href="mobile/txt__default_5hOSWgQbpS4.png" />
      <file href="mobile/txt__default_6oQLY7s4Os3.png" />
      <file href="mobile/txt__default_62vLtEAqI2v.png" />
      <file href="mobile/txt__default_5y5p4Ra3pJc.png" />
      <file href="mobile/txt__default_5sYYtsMyRaL.png" />
      <file href="html5/data/css/output.min.css" />
      <file href="html5/data/js/5aHzJIh0J99.js" />
      <file href="html5/data/js/5b1fHY7KxAQ.js" />
      <file href="html5/data/js/5uteadXc7wV.js" />
      <file href="html5/data/js/60D3z1SPBI9.js" />
      <file href="html5/data/js/64AzKhP9Mrt.js" />
      <file href="html5/data/js/65DkInRlWjw.js" />
      <file href="html5/data/js/6agghUsJk1S.js" />
      <file href="html5/data/js/6EAA4CgDp5t.js" />
      <file href="html5/data/js/6HXr5lKT2cV.js" />
      <file href="html5/data/js/6PutWZp6KnJ.js" />
      <file href="html5/data/js/6SfgGpkvvsI.js" />
      <file href="html5/data/js/6UcsyMCULzq.js" />
      <file href="html5/data/js/data.js" />
      <file href="html5/data/js/frame.js" />
      <file href="html5/data/js/paths.js" />
      <file href="html5/lib/scripts/bootstrapper.min.js" />
      <file href="html5/lib/scripts/frame.desktop.min.js" />
      <file href="html5/lib/scripts/frame.mobile.min.js" />
      <file href="html5/lib/scripts/slides.min.js" />
      <file href="html5/lib/stylesheets/desktop.min.css" />
      <file href="html5/lib/stylesheets/mobile.min.css" />
      <file href="html5/lib/stylesheets/mobile-fonts/open-sans-bold.woff" />
      <file href="html5/lib/stylesheets/mobile-fonts/open-sans-light.woff" />
      <file href="html5/lib/stylesheets/mobile-fonts/open-sans-regular.woff" />
      <file href="analytics-frame.html" />
      <file href="story.html" />
      <file href="index_lms.html" />
      <file href="lms/AICCComm.html" />
      <file href="lms/blank.html" />
      <file href="lms/browsersniff.js" />
      <file href="lms/goodbye.html" />
      <file href="lms/LICENSE.txt" />
      <file href="lms/scormdriver.js" />
    </resource>
  </resources>
</manifest>