﻿<?xml version="1.0" encoding="utf-8"?>
<manifest identifier="_5aqopvznVcs_course_id" version="1.0" xmlns="http://www.imsproject.org/xsd/imscp_rootv1p1p2" xmlns:adlcp="http://www.adlnet.org/xsd/adlcp_rootv1p2" xmlns:xsi="http://www.w3.org/2001/XMLSchema-instance" xsi:schemaLocation="http://www.imsproject.org/xsd/imscp_rootv1p1p2 imscp_rootv1p1p2.xsd http://www.imsglobal.org/xsd/imsmd_rootv1p2p1 imsmd_rootv1p2p1.xsd http://www.adlnet.org/xsd/adlcp_rootv1p2 adlcp_rootv1p2.xsd">
  <metadata>
    <schema>ADL SCORM</schema>
    <schemaversion>1.2</schemaversion>
    <lom xmlns="http://www.imsglobal.org/xsd/imsmd_rootv1p2p1" xmlns:xsi="http://www.w3.org/2001/XMLSchema-instance" xsi:schemaLocation="http://www.imsglobal.org/xsd/imsmd_rootv1p2p1 imsmd_rootv1p2p1.xsd">
      <general>
        <title>
          <langstring xml:lang="x-none">What is Virtue Ethics?</langstring>
        </title>
      </general>
      <lifecycle>
        <version>
          <langstring xml:lang="x-none">1</langstring>
        </version>
        <status>
          <source>
            <langstring xml:lang="x-none">LOMv1.0</langstring>
          </source>
          <value>
            <langstring xml:lang="x-none">Final</langstring>
          </value>
        </status>
      </lifecycle>
      <metametadata>
        <metadatascheme>ADL SCORM 1.2</metadatascheme>
      </metametadata>
      <educational>
        <typicallearningtime>
          <datetime>PT0H0M0S</datetime>
        </typicallearningtime>
      </educational>
      <rights>
        <cost>
          <source>
            <langstring xml:lang="x-none">LOMv1.0</langstring>
          </source>
          <value>
            <langstring xml:lang="x-none">yes</langstring>
          </value>
        </cost>
        <copyrightandotherrestrictions>
          <source>
            <langstring xml:lang="x-none">LOMv1.0</langstring>
          </source>
          <value>
            <langstring xml:lang="x-none">yes</langstring>
          </value>
        </copyrightandotherrestrictions>
      </rights>
    </lom>
  </metadata>
  <organizations default="What_is_Virtue_Ethics?_ORG">
    <organization identifier="What_is_Virtue_Ethics?_ORG">
      <title>What is Virtue Ethics?</title>
      <item identifier="What_is_Virtue_Ethics?_SCO" isvisible="true" identifierref="__5aqopvznVcs_course_id_RES">
        <title>What is Virtue Ethics?</title>
      </item>
    </organization>
  </organizations>
  <resources>
    <resource identifier="__5aqopvznVcs_course_id_RES" type="webcontent" href="index_lms.html" adlcp:scormtype="sco">
      <file href="story_content/thumbnail.jpg" />
      <file href="mobile/6Y0Mwdj0ifm_80_DX126_DY126_CX94_CY93.png" />
      <file href="mobile/68WZNoyNPtc_80_DX196_DY196_CX147_CY147.png" />
      <file href="story_content/5XA5Me8tP5y_44100_48_0.mp3" />
      <file href="story_content/6gdkz3Rc7Z0_captions.js" />
      <file href="story_content/6nS80jjaPTW_44100_48_0.mp3" />
      <file href="story_content/6qTbABVEI4J_captions.js" />
      <file href="mobile/5g4KTBWcRid_80_DX278_DY278_CX208_CY144.jpg" />
      <file href="story_content/6lmnkdk1b8p_44100_48_0.mp3" />
      <file href="story_content/69DlDDUZhOi_captions.js" />
      <file href="mobile/69s7QjMaDgA_80_DX184_DY184_CX138_CY138.gif" />
      <file href="story_content/6K6AzDQOLPu.html" />
      <file href="mobile/6K6AzDQOLPu5r1P1TJlJLA{Width=893.166, Height=502.2578}Light_80_DX1786_DY1786_CX893_CY502.jpg" />
      <file href="story_content/6BIz9V1vhVL_44100_48_0.mp3" />
      <file href="story_content/6Lal6FxHPYk_captions.js" />
      <file href="story_content/6lxLLDqorHK_44100_48_0.mp3" />
      <file href="story_content/6WFStpT6Vxf_captions.js" />
      <file href="story_content/6qeAAP97bdU_44100_48_0.mp3" />
      <file href="story_content/5qUrKC23nda_captions.js" />
      <file href="mobile/638OJ5hqVMR_80_DX164_DY164_CX123_CY54.png" />
      <file href="story_content/6JchMczwYEv_44100_48_0.mp3" />
      <file href="story_content/6UnLlNDKght_captions.js" />
      <file href="story_content/6MCF0x1pE0y_44100_48_0.mp3" />
      <file href="story_content/6ZwLGyaiEwT_captions.js" />
      <file href="story_content/5emjUP6gVZQ_44100_48_0.mp3" />
      <file href="story_content/6YJMqbQOFcN_captions.js" />
      <file href="meta.xml" />
      <file href="story_content/user.js" />
      <file href="mobile/txt__default_5lifmJcaw9G.png" />
      <file href="mobile/txt__default_Selected_5lifmJcaw9G.png" />
      <file href="mobile/txt__default_Hover_5lifmJcaw9G.png" />
      <file href="mobile/txt__default_Hover_Selected_5lifmJcaw9G.png" />
      <file href="mobile/txt_Right_5lifmJcaw9G.png" />
      <file href="mobile/txt_Right_Selected_5lifmJcaw9G.png" />
      <file href="mobile/txt_Right_Hover_5lifmJcaw9G.png" />
      <file href="mobile/txt_Right_Hover_Selected_5lifmJcaw9G.png" />
      <file href="mobile/txt_Wrong_5lifmJcaw9G.png" />
      <file href="mobile/txt_Wrong_Selected_5lifmJcaw9G.png" />
      <file href="mobile/txt_Wrong_Hover_5lifmJcaw9G.png" />
      <file href="mobile/txt_Wrong_Hover_Selected_5lifmJcaw9G.png" />
      <file href="mobile/txt_Selected wrong_5lifmJcaw9G.png" />
      <file href="mobile/txt_Selected wrong_Selected_5lifmJcaw9G.png" />
      <file href="mobile/txt_Selected wrong_Hover_5lifmJcaw9G.png" />
      <file href="mobile/txt_Selected wrong_Hover_Selected_5lifmJcaw9G.png" />
      <file href="mobile/txt_Selected right_5lifmJcaw9G.png" />
      <file href="mobile/txt_Selected right_Selected_5lifmJcaw9G.png" />
      <file href="mobile/txt_Selected right_Hover_5lifmJcaw9G.png" />
      <file href="mobile/txt_Selected right_Hover_Selected_5lifmJcaw9G.png" />
      <file href="mobile/txt__default_5wDoxRxppok.png" />
      <file href="mobile/txt__default_Selected_5wDoxRxppok.png" />
      <file href="mobile/txt__default_Hover_5wDoxRxppok.png" />
      <file href="mobile/txt__default_Hover_Selected_5wDoxRxppok.png" />
      <file href="mobile/txt_Right_5wDoxRxppok.png" />
      <file href="mobile/txt_Right_Selected_5wDoxRxppok.png" />
      <file href="mobile/txt_Right_Hover_5wDoxRxppok.png" />
      <file href="mobile/txt_Right_Hover_Selected_5wDoxRxppok.png" />
      <file href="mobile/txt_Wrong_5wDoxRxppok.png" />
      <file href="mobile/txt_Wrong_Selected_5wDoxRxppok.png" />
      <file href="mobile/txt_Wrong_Hover_5wDoxRxppok.png" />
      <file href="mobile/txt_Wrong_Hover_Selected_5wDoxRxppok.png" />
      <file href="mobile/txt_Selected wrong_5wDoxRxppok.png" />
      <file href="mobile/txt_Selected wrong_Selected_5wDoxRxppok.png" />
      <file href="mobile/txt_Selected wrong_Hover_5wDoxRxppok.png" />
      <file href="mobile/txt_Selected wrong_Hover_Selected_5wDoxRxppok.png" />
      <file href="mobile/txt_Selected right_5wDoxRxppok.png" />
      <file href="mobile/txt_Selected right_Selected_5wDoxRxppok.png" />
      <file href="mobile/txt_Selected right_Hover_5wDoxRxppok.png" />
      <file href="mobile/txt_Selected right_Hover_Selected_5wDoxRxppok.png" />
      <file href="mobile/txt__default_6dAnNUqmExj.png" />
      <file href="mobile/txt__default_Selected_6dAnNUqmExj.png" />
      <file href="mobile/txt__default_Hover_6dAnNUqmExj.png" />
      <file href="mobile/txt__default_Hover_Selected_6dAnNUqmExj.png" />
      <file href="mobile/txt_Right_6dAnNUqmExj.png" />
      <file href="mobile/txt_Right_Selected_6dAnNUqmExj.png" />
      <file href="mobile/txt_Right_Hover_6dAnNUqmExj.png" />
      <file href="mobile/txt_Right_Hover_Selected_6dAnNUqmExj.png" />
      <file href="mobile/txt_Wrong_6dAnNUqmExj.png" />
      <file href="mobile/txt_Wrong_Selected_6dAnNUqmExj.png" />
      <file href="mobile/txt_Wrong_Hover_6dAnNUqmExj.png" />
      <file href="mobile/txt_Wrong_Hover_Selected_6dAnNUqmExj.png" />
      <file href="mobile/txt_Selected wrong_6dAnNUqmExj.png" />
      <file href="mobile/txt_Selected wrong_Selected_6dAnNUqmExj.png" />
      <file href="mobile/txt_Selected wrong_Hover_6dAnNUqmExj.png" />
      <file href="mobile/txt_Selected wrong_Hover_Selected_6dAnNUqmExj.png" />
      <file href="mobile/txt_Selected right_6dAnNUqmExj.png" />
      <file href="mobile/txt_Selected right_Selected_6dAnNUqmExj.png" />
      <file href="mobile/txt_Selected right_Hover_6dAnNUqmExj.png" />
      <file href="mobile/txt_Selected right_Hover_Selected_6dAnNUqmExj.png" />
      <file href="mobile/txt__default_5n4WXFNhn68.png" />
      <file href="mobile/txt__default_Selected_5n4WXFNhn68.png" />
      <file href="mobile/txt__default_Hover_5n4WXFNhn68.png" />
      <file href="mobile/txt__default_Hover_Selected_5n4WXFNhn68.png" />
      <file href="mobile/txt_Right_5n4WXFNhn68.png" />
      <file href="mobile/txt_Right_Selected_5n4WXFNhn68.png" />
      <file href="mobile/txt_Right_Hover_5n4WXFNhn68.png" />
      <file href="mobile/txt_Right_Hover_Selected_5n4WXFNhn68.png" />
      <file href="mobile/txt_Wrong_5n4WXFNhn68.png" />
      <file href="mobile/txt_Wrong_Selected_5n4WXFNhn68.png" />
      <file href="mobile/txt_Wrong_Hover_5n4WXFNhn68.png" />
      <file href="mobile/txt_Wrong_Hover_Selected_5n4WXFNhn68.png" />
      <file href="mobile/txt_Selected wrong_5n4WXFNhn68.png" />
      <file href="mobile/txt_Selected wrong_Selected_5n4WXFNhn68.png" />
      <file href="mobile/txt_Selected wrong_Hover_5n4WXFNhn68.png" />
      <file href="mobile/txt_Selected wrong_Hover_Selected_5n4WXFNhn68.png" />
      <file href="mobile/txt_Selected right_5n4WXFNhn68.png" />
      <file href="mobile/txt_Selected right_Selected_5n4WXFNhn68.png" />
      <file href="mobile/txt_Selected right_Hover_5n4WXFNhn68.png" />
      <file href="mobile/txt_Selected right_Hover_Selected_5n4WXFNhn68.png" />
      <file href="mobile/txt__default_63k3q4hdLVd.png" />
      <file href="mobile/txt__default_5wwGZPGgE4m.png" />
      <file href="mobile/txt__default_Selected_5wwGZPGgE4m.png" />
      <file href="mobile/txt__default_Hover_5wwGZPGgE4m.png" />
      <file href="mobile/txt__default_Hover_Selected_5wwGZPGgE4m.png" />
      <file href="mobile/txt_Right_5wwGZPGgE4m.png" />
      <file href="mobile/txt_Right_Selected_5wwGZPGgE4m.png" />
      <file href="mobile/txt_Right_Hover_5wwGZPGgE4m.png" />
      <file href="mobile/txt_Right_Hover_Selected_5wwGZPGgE4m.png" />
      <file href="mobile/txt_Wrong_5wwGZPGgE4m.png" />
      <file href="mobile/txt_Wrong_Selected_5wwGZPGgE4m.png" />
      <file href="mobile/txt_Wrong_Hover_5wwGZPGgE4m.png" />
      <file href="mobile/txt_Wrong_Hover_Selected_5wwGZPGgE4m.png" />
      <file href="mobile/txt_Selected wrong_5wwGZPGgE4m.png" />
      <file href="mobile/txt_Selected wrong_Selected_5wwGZPGgE4m.png" />
      <file href="mobile/txt_Selected wrong_Hover_5wwGZPGgE4m.png" />
      <file href="mobile/txt_Selected wrong_Hover_Selected_5wwGZPGgE4m.png" />
      <file href="mobile/txt_Selected right_5wwGZPGgE4m.png" />
      <file href="mobile/txt_Selected right_Selected_5wwGZPGgE4m.png" />
      <file href="mobile/txt_Selected right_Hover_5wwGZPGgE4m.png" />
      <file href="mobile/txt_Selected right_Hover_Selected_5wwGZPGgE4m.png" />
      <file href="mobile/txt__default_6ZYqDEatDs9.png" />
      <file href="mobile/txt__default_Selected_6ZYqDEatDs9.png" />
      <file href="mobile/txt__default_Hover_6ZYqDEatDs9.png" />
      <file href="mobile/txt__default_Hover_Selected_6ZYqDEatDs9.png" />
      <file href="mobile/txt_Right_6ZYqDEatDs9.png" />
      <file href="mobile/txt_Right_Selected_6ZYqDEatDs9.png" />
      <file href="mobile/txt_Right_Hover_6ZYqDEatDs9.png" />
      <file href="mobile/txt_Right_Hover_Selected_6ZYqDEatDs9.png" />
      <file href="mobile/txt_Wrong_6ZYqDEatDs9.png" />
      <file href="mobile/txt_Wrong_Selected_6ZYqDEatDs9.png" />
      <file href="mobile/txt_Wrong_Hover_6ZYqDEatDs9.png" />
      <file href="mobile/txt_Wrong_Hover_Selected_6ZYqDEatDs9.png" />
      <file href="mobile/txt_Selected wrong_6ZYqDEatDs9.png" />
      <file href="mobile/txt_Selected wrong_Selected_6ZYqDEatDs9.png" />
      <file href="mobile/txt_Selected wrong_Hover_6ZYqDEatDs9.png" />
      <file href="mobile/txt_Selected wrong_Hover_Selected_6ZYqDEatDs9.png" />
      <file href="mobile/txt_Selected right_6ZYqDEatDs9.png" />
      <file href="mobile/txt_Selected right_Selected_6ZYqDEatDs9.png" />
      <file href="mobile/txt_Selected right_Hover_6ZYqDEatDs9.png" />
      <file href="mobile/txt_Selected right_Hover_Selected_6ZYqDEatDs9.png" />
      <file href="mobile/txt__default_6J2gZ6shDkA.png" />
      <file href="mobile/txt__default_Selected_6J2gZ6shDkA.png" />
      <file href="mobile/txt__default_Hover_6J2gZ6shDkA.png" />
      <file href="mobile/txt__default_Hover_Selected_6J2gZ6shDkA.png" />
      <file href="mobile/txt_Right_6J2gZ6shDkA.png" />
      <file href="mobile/txt_Right_Selected_6J2gZ6shDkA.png" />
      <file href="mobile/txt_Right_Hover_6J2gZ6shDkA.png" />
      <file href="mobile/txt_Right_Hover_Selected_6J2gZ6shDkA.png" />
      <file href="mobile/txt_Wrong_6J2gZ6shDkA.png" />
      <file href="mobile/txt_Wrong_Selected_6J2gZ6shDkA.png" />
      <file href="mobile/txt_Wrong_Hover_6J2gZ6shDkA.png" />
      <file href="mobile/txt_Wrong_Hover_Selected_6J2gZ6shDkA.png" />
      <file href="mobile/txt_Selected wrong_6J2gZ6shDkA.png" />
      <file href="mobile/txt_Selected wrong_Selected_6J2gZ6shDkA.png" />
      <file href="mobile/txt_Selected wrong_Hover_6J2gZ6shDkA.png" />
      <file href="mobile/txt_Selected wrong_Hover_Selected_6J2gZ6shDkA.png" />
      <file href="mobile/txt_Selected right_6J2gZ6shDkA.png" />
      <file href="mobile/txt_Selected right_Selected_6J2gZ6shDkA.png" />
      <file href="mobile/txt_Selected right_Hover_6J2gZ6shDkA.png" />
      <file href="mobile/txt_Selected right_Hover_Selected_6J2gZ6shDkA.png" />
      <file href="mobile/txt__default_5aLFHaGg1a8.png" />
      <file href="mobile/txt__default_Selected_5aLFHaGg1a8.png" />
      <file href="mobile/txt__default_Hover_5aLFHaGg1a8.png" />
      <file href="mobile/txt__default_Hover_Selected_5aLFHaGg1a8.png" />
      <file href="mobile/txt_Right_5aLFHaGg1a8.png" />
      <file href="mobile/txt_Right_Selected_5aLFHaGg1a8.png" />
      <file href="mobile/txt_Right_Hover_5aLFHaGg1a8.png" />
      <file href="mobile/txt_Right_Hover_Selected_5aLFHaGg1a8.png" />
      <file href="mobile/txt_Wrong_5aLFHaGg1a8.png" />
      <file href="mobile/txt_Wrong_Selected_5aLFHaGg1a8.png" />
      <file href="mobile/txt_Wrong_Hover_5aLFHaGg1a8.png" />
      <file href="mobile/txt_Wrong_Hover_Selected_5aLFHaGg1a8.png" />
      <file href="mobile/txt_Selected wrong_5aLFHaGg1a8.png" />
      <file href="mobile/txt_Selected wrong_Selected_5aLFHaGg1a8.png" />
      <file href="mobile/txt_Selected wrong_Hover_5aLFHaGg1a8.png" />
      <file href="mobile/txt_Selected wrong_Hover_Selected_5aLFHaGg1a8.png" />
      <file href="mobile/txt_Selected right_5aLFHaGg1a8.png" />
      <file href="mobile/txt_Selected right_Selected_5aLFHaGg1a8.png" />
      <file href="mobile/txt_Selected right_Hover_5aLFHaGg1a8.png" />
      <file href="mobile/txt_Selected right_Hover_Selected_5aLFHaGg1a8.png" />
      <file href="mobile/txt__default_5UkzjACW5pm.png" />
      <file href="mobile/txt__default_5yLEiqbeYDS.png" />
      <file href="mobile/txt__default_Selected_5yLEiqbeYDS.png" />
      <file href="mobile/txt__default_Hover_5yLEiqbeYDS.png" />
      <file href="mobile/txt__default_Hover_Selected_5yLEiqbeYDS.png" />
      <file href="mobile/txt_Right_5yLEiqbeYDS.png" />
      <file href="mobile/txt_Right_Selected_5yLEiqbeYDS.png" />
      <file href="mobile/txt_Right_Hover_5yLEiqbeYDS.png" />
      <file href="mobile/txt_Right_Hover_Selected_5yLEiqbeYDS.png" />
      <file href="mobile/txt_Wrong_5yLEiqbeYDS.png" />
      <file href="mobile/txt_Wrong_Selected_5yLEiqbeYDS.png" />
      <file href="mobile/txt_Wrong_Hover_5yLEiqbeYDS.png" />
      <file href="mobile/txt_Wrong_Hover_Selected_5yLEiqbeYDS.png" />
      <file href="mobile/txt_Selected wrong_5yLEiqbeYDS.png" />
      <file href="mobile/txt_Selected wrong_Selected_5yLEiqbeYDS.png" />
      <file href="mobile/txt_Selected wrong_Hover_5yLEiqbeYDS.png" />
      <file href="mobile/txt_Selected wrong_Hover_Selected_5yLEiqbeYDS.png" />
      <file href="mobile/txt_Selected right_5yLEiqbeYDS.png" />
      <file href="mobile/txt_Selected right_Selected_5yLEiqbeYDS.png" />
      <file href="mobile/txt_Selected right_Hover_5yLEiqbeYDS.png" />
      <file href="mobile/txt_Selected right_Hover_Selected_5yLEiqbeYDS.png" />
      <file href="mobile/txt__default_5yRNF9qbbqW.png" />
      <file href="mobile/txt__default_Selected_5yRNF9qbbqW.png" />
      <file href="mobile/txt__default_Hover_5yRNF9qbbqW.png" />
      <file href="mobile/txt__default_Hover_Selected_5yRNF9qbbqW.png" />
      <file href="mobile/txt_Right_5yRNF9qbbqW.png" />
      <file href="mobile/txt_Right_Selected_5yRNF9qbbqW.png" />
      <file href="mobile/txt_Right_Hover_5yRNF9qbbqW.png" />
      <file href="mobile/txt_Right_Hover_Selected_5yRNF9qbbqW.png" />
      <file href="mobile/txt_Wrong_5yRNF9qbbqW.png" />
      <file href="mobile/txt_Wrong_Selected_5yRNF9qbbqW.png" />
      <file href="mobile/txt_Wrong_Hover_5yRNF9qbbqW.png" />
      <file href="mobile/txt_Wrong_Hover_Selected_5yRNF9qbbqW.png" />
      <file href="mobile/txt_Selected wrong_5yRNF9qbbqW.png" />
      <file href="mobile/txt_Selected wrong_Selected_5yRNF9qbbqW.png" />
      <file href="mobile/txt_Selected wrong_Hover_5yRNF9qbbqW.png" />
      <file href="mobile/txt_Selected wrong_Hover_Selected_5yRNF9qbbqW.png" />
      <file href="mobile/txt_Selected right_5yRNF9qbbqW.png" />
      <file href="mobile/txt_Selected right_Selected_5yRNF9qbbqW.png" />
      <file href="mobile/txt_Selected right_Hover_5yRNF9qbbqW.png" />
      <file href="mobile/txt_Selected right_Hover_Selected_5yRNF9qbbqW.png" />
      <file href="mobile/txt__default_5g5GtxC9GEg.png" />
      <file href="mobile/txt__default_Selected_5g5GtxC9GEg.png" />
      <file href="mobile/txt__default_Hover_5g5GtxC9GEg.png" />
      <file href="mobile/txt__default_Hover_Selected_5g5GtxC9GEg.png" />
      <file href="mobile/txt_Right_5g5GtxC9GEg.png" />
      <file href="mobile/txt_Right_Selected_5g5GtxC9GEg.png" />
      <file href="mobile/txt_Right_Hover_5g5GtxC9GEg.png" />
      <file href="mobile/txt_Right_Hover_Selected_5g5GtxC9GEg.png" />
      <file href="mobile/txt_Wrong_5g5GtxC9GEg.png" />
      <file href="mobile/txt_Wrong_Selected_5g5GtxC9GEg.png" />
      <file href="mobile/txt_Wrong_Hover_5g5GtxC9GEg.png" />
      <file href="mobile/txt_Wrong_Hover_Selected_5g5GtxC9GEg.png" />
      <file href="mobile/txt_Selected wrong_5g5GtxC9GEg.png" />
      <file href="mobile/txt_Selected wrong_Selected_5g5GtxC9GEg.png" />
      <file href="mobile/txt_Selected wrong_Hover_5g5GtxC9GEg.png" />
      <file href="mobile/txt_Selected wrong_Hover_Selected_5g5GtxC9GEg.png" />
      <file href="mobile/txt_Selected right_5g5GtxC9GEg.png" />
      <file href="mobile/txt_Selected right_Selected_5g5GtxC9GEg.png" />
      <file href="mobile/txt_Selected right_Hover_5g5GtxC9GEg.png" />
      <file href="mobile/txt_Selected right_Hover_Selected_5g5GtxC9GEg.png" />
      <file href="mobile/txt__default_5zAi3zAqshk.png" />
      <file href="mobile/txt__default_Selected_5zAi3zAqshk.png" />
      <file href="mobile/txt__default_Hover_5zAi3zAqshk.png" />
      <file href="mobile/txt__default_Hover_Selected_5zAi3zAqshk.png" />
      <file href="mobile/txt_Right_5zAi3zAqshk.png" />
      <file href="mobile/txt_Right_Selected_5zAi3zAqshk.png" />
      <file href="mobile/txt_Right_Hover_5zAi3zAqshk.png" />
      <file href="mobile/txt_Right_Hover_Selected_5zAi3zAqshk.png" />
      <file href="mobile/txt_Wrong_5zAi3zAqshk.png" />
      <file href="mobile/txt_Wrong_Selected_5zAi3zAqshk.png" />
      <file href="mobile/txt_Wrong_Hover_5zAi3zAqshk.png" />
      <file href="mobile/txt_Wrong_Hover_Selected_5zAi3zAqshk.png" />
      <file href="mobile/txt_Selected wrong_5zAi3zAqshk.png" />
      <file href="mobile/txt_Selected wrong_Selected_5zAi3zAqshk.png" />
      <file href="mobile/txt_Selected wrong_Hover_5zAi3zAqshk.png" />
      <file href="mobile/txt_Selected wrong_Hover_Selected_5zAi3zAqshk.png" />
      <file href="mobile/txt_Selected right_5zAi3zAqshk.png" />
      <file href="mobile/txt_Selected right_Selected_5zAi3zAqshk.png" />
      <file href="mobile/txt_Selected right_Hover_5zAi3zAqshk.png" />
      <file href="mobile/txt_Selected right_Hover_Selected_5zAi3zAqshk.png" />
      <file href="mobile/txt__default_6EZk5KiAbZQ.png" />
      <file href="mobile/txt__default_6rKZVNZ1v7j.png" />
      <file href="mobile/txt__default_6HF69OhbzCm.png" />
      <file href="mobile/txt__default_Selected_6HF69OhbzCm.png" />
      <file href="mobile/txt__default_Hover_6HF69OhbzCm.png" />
      <file href="mobile/txt__default_Hover_Selected_6HF69OhbzCm.png" />
      <file href="mobile/txt_Right_6HF69OhbzCm.png" />
      <file href="mobile/txt_Right_Selected_6HF69OhbzCm.png" />
      <file href="mobile/txt_Right_Hover_6HF69OhbzCm.png" />
      <file href="mobile/txt_Right_Hover_Selected_6HF69OhbzCm.png" />
      <file href="mobile/txt_Wrong_6HF69OhbzCm.png" />
      <file href="mobile/txt_Wrong_Selected_6HF69OhbzCm.png" />
      <file href="mobile/txt_Wrong_Hover_6HF69OhbzCm.png" />
      <file href="mobile/txt_Wrong_Hover_Selected_6HF69OhbzCm.png" />
      <file href="mobile/txt_Selected wrong_6HF69OhbzCm.png" />
      <file href="mobile/txt_Selected wrong_Selected_6HF69OhbzCm.png" />
      <file href="mobile/txt_Selected wrong_Hover_6HF69OhbzCm.png" />
      <file href="mobile/txt_Selected wrong_Hover_Selected_6HF69OhbzCm.png" />
      <file href="mobile/txt_Selected right_6HF69OhbzCm.png" />
      <file href="mobile/txt_Selected right_Selected_6HF69OhbzCm.png" />
      <file href="mobile/txt_Selected right_Hover_6HF69OhbzCm.png" />
      <file href="mobile/txt_Selected right_Hover_Selected_6HF69OhbzCm.png" />
      <file href="mobile/txt__default_6JAqv0fnbrI.png" />
      <file href="mobile/txt__default_Selected_6JAqv0fnbrI.png" />
      <file href="mobile/txt__default_Hover_6JAqv0fnbrI.png" />
      <file href="mobile/txt__default_Hover_Selected_6JAqv0fnbrI.png" />
      <file href="mobile/txt_Right_6JAqv0fnbrI.png" />
      <file href="mobile/txt_Right_Selected_6JAqv0fnbrI.png" />
      <file href="mobile/txt_Right_Hover_6JAqv0fnbrI.png" />
      <file href="mobile/txt_Right_Hover_Selected_6JAqv0fnbrI.png" />
      <file href="mobile/txt_Wrong_6JAqv0fnbrI.png" />
      <file href="mobile/txt_Wrong_Selected_6JAqv0fnbrI.png" />
      <file href="mobile/txt_Wrong_Hover_6JAqv0fnbrI.png" />
      <file href="mobile/txt_Wrong_Hover_Selected_6JAqv0fnbrI.png" />
      <file href="mobile/txt_Selected wrong_6JAqv0fnbrI.png" />
      <file href="mobile/txt_Selected wrong_Selected_6JAqv0fnbrI.png" />
      <file href="mobile/txt_Selected wrong_Hover_6JAqv0fnbrI.png" />
      <file href="mobile/txt_Selected wrong_Hover_Selected_6JAqv0fnbrI.png" />
      <file href="mobile/txt_Selected right_6JAqv0fnbrI.png" />
      <file href="mobile/txt_Selected right_Selected_6JAqv0fnbrI.png" />
      <file href="mobile/txt_Selected right_Hover_6JAqv0fnbrI.png" />
      <file href="mobile/txt_Selected right_Hover_Selected_6JAqv0fnbrI.png" />
      <file href="mobile/txt__default_6JWzsIpMXFJ.png" />
      <file href="mobile/txt__default_Selected_6JWzsIpMXFJ.png" />
      <file href="mobile/txt__default_Hover_6JWzsIpMXFJ.png" />
      <file href="mobile/txt__default_Hover_Selected_6JWzsIpMXFJ.png" />
      <file href="mobile/txt_Right_6JWzsIpMXFJ.png" />
      <file href="mobile/txt_Right_Selected_6JWzsIpMXFJ.png" />
      <file href="mobile/txt_Right_Hover_6JWzsIpMXFJ.png" />
      <file href="mobile/txt_Right_Hover_Selected_6JWzsIpMXFJ.png" />
      <file href="mobile/txt_Wrong_6JWzsIpMXFJ.png" />
      <file href="mobile/txt_Wrong_Selected_6JWzsIpMXFJ.png" />
      <file href="mobile/txt_Wrong_Hover_6JWzsIpMXFJ.png" />
      <file href="mobile/txt_Wrong_Hover_Selected_6JWzsIpMXFJ.png" />
      <file href="mobile/txt_Selected wrong_6JWzsIpMXFJ.png" />
      <file href="mobile/txt_Selected wrong_Selected_6JWzsIpMXFJ.png" />
      <file href="mobile/txt_Selected wrong_Hover_6JWzsIpMXFJ.png" />
      <file href="mobile/txt_Selected wrong_Hover_Selected_6JWzsIpMXFJ.png" />
      <file href="mobile/txt_Selected right_6JWzsIpMXFJ.png" />
      <file href="mobile/txt_Selected right_Selected_6JWzsIpMXFJ.png" />
      <file href="mobile/txt_Selected right_Hover_6JWzsIpMXFJ.png" />
      <file href="mobile/txt_Selected right_Hover_Selected_6JWzsIpMXFJ.png" />
      <file href="mobile/txt__default_5xIB9gbuepC.png" />
      <file href="mobile/txt__default_Selected_5xIB9gbuepC.png" />
      <file href="mobile/txt__default_Hover_5xIB9gbuepC.png" />
      <file href="mobile/txt__default_Hover_Selected_5xIB9gbuepC.png" />
      <file href="mobile/txt_Right_5xIB9gbuepC.png" />
      <file href="mobile/txt_Right_Selected_5xIB9gbuepC.png" />
      <file href="mobile/txt_Right_Hover_5xIB9gbuepC.png" />
      <file href="mobile/txt_Right_Hover_Selected_5xIB9gbuepC.png" />
      <file href="mobile/txt_Wrong_5xIB9gbuepC.png" />
      <file href="mobile/txt_Wrong_Selected_5xIB9gbuepC.png" />
      <file href="mobile/txt_Wrong_Hover_5xIB9gbuepC.png" />
      <file href="mobile/txt_Wrong_Hover_Selected_5xIB9gbuepC.png" />
      <file href="mobile/txt_Selected wrong_5xIB9gbuepC.png" />
      <file href="mobile/txt_Selected wrong_Selected_5xIB9gbuepC.png" />
      <file href="mobile/txt_Selected wrong_Hover_5xIB9gbuepC.png" />
      <file href="mobile/txt_Selected wrong_Hover_Selected_5xIB9gbuepC.png" />
      <file href="mobile/txt_Selected right_5xIB9gbuepC.png" />
      <file href="mobile/txt_Selected right_Selected_5xIB9gbuepC.png" />
      <file href="mobile/txt_Selected right_Hover_5xIB9gbuepC.png" />
      <file href="mobile/txt_Selected right_Hover_Selected_5xIB9gbuepC.png" />
      <file href="mobile/txt__default_6WROopOLU1N.png" />
      <file href="mobile/txt__default_6VONIWXNynF.png" />
      <file href="mobile/txt__default_Selected_6VONIWXNynF.png" />
      <file href="mobile/txt__default_Hover_6VONIWXNynF.png" />
      <file href="mobile/txt__default_Hover_Selected_6VONIWXNynF.png" />
      <file href="mobile/txt_Right_6VONIWXNynF.png" />
      <file href="mobile/txt_Right_Selected_6VONIWXNynF.png" />
      <file href="mobile/txt_Right_Hover_6VONIWXNynF.png" />
      <file href="mobile/txt_Right_Hover_Selected_6VONIWXNynF.png" />
      <file href="mobile/txt_Wrong_6VONIWXNynF.png" />
      <file href="mobile/txt_Wrong_Selected_6VONIWXNynF.png" />
      <file href="mobile/txt_Wrong_Hover_6VONIWXNynF.png" />
      <file href="mobile/txt_Wrong_Hover_Selected_6VONIWXNynF.png" />
      <file href="mobile/txt_Selected wrong_6VONIWXNynF.png" />
      <file href="mobile/txt_Selected wrong_Selected_6VONIWXNynF.png" />
      <file href="mobile/txt_Selected wrong_Hover_6VONIWXNynF.png" />
      <file href="mobile/txt_Selected wrong_Hover_Selected_6VONIWXNynF.png" />
      <file href="mobile/txt_Selected right_6VONIWXNynF.png" />
      <file href="mobile/txt_Selected right_Selected_6VONIWXNynF.png" />
      <file href="mobile/txt_Selected right_Hover_6VONIWXNynF.png" />
      <file href="mobile/txt_Selected right_Hover_Selected_6VONIWXNynF.png" />
      <file href="mobile/txt__default_6hjBpixWmhr.png" />
      <file href="mobile/txt__default_Selected_6hjBpixWmhr.png" />
      <file href="mobile/txt__default_Hover_6hjBpixWmhr.png" />
      <file href="mobile/txt__default_Hover_Selected_6hjBpixWmhr.png" />
      <file href="mobile/txt_Right_6hjBpixWmhr.png" />
      <file href="mobile/txt_Right_Selected_6hjBpixWmhr.png" />
      <file href="mobile/txt_Right_Hover_6hjBpixWmhr.png" />
      <file href="mobile/txt_Right_Hover_Selected_6hjBpixWmhr.png" />
      <file href="mobile/txt_Wrong_6hjBpixWmhr.png" />
      <file href="mobile/txt_Wrong_Selected_6hjBpixWmhr.png" />
      <file href="mobile/txt_Wrong_Hover_6hjBpixWmhr.png" />
      <file href="mobile/txt_Wrong_Hover_Selected_6hjBpixWmhr.png" />
      <file href="mobile/txt_Selected wrong_6hjBpixWmhr.png" />
      <file href="mobile/txt_Selected wrong_Selected_6hjBpixWmhr.png" />
      <file href="mobile/txt_Selected wrong_Hover_6hjBpixWmhr.png" />
      <file href="mobile/txt_Selected wrong_Hover_Selected_6hjBpixWmhr.png" />
      <file href="mobile/txt_Selected right_6hjBpixWmhr.png" />
      <file href="mobile/txt_Selected right_Selected_6hjBpixWmhr.png" />
      <file href="mobile/txt_Selected right_Hover_6hjBpixWmhr.png" />
      <file href="mobile/txt_Selected right_Hover_Selected_6hjBpixWmhr.png" />
      <file href="mobile/txt__default_5uEXelykN6Z.png" />
      <file href="mobile/txt__default_Selected_5uEXelykN6Z.png" />
      <file href="mobile/txt__default_Hover_5uEXelykN6Z.png" />
      <file href="mobile/txt__default_Hover_Selected_5uEXelykN6Z.png" />
      <file href="mobile/txt_Right_5uEXelykN6Z.png" />
      <file href="mobile/txt_Right_Selected_5uEXelykN6Z.png" />
      <file href="mobile/txt_Right_Hover_5uEXelykN6Z.png" />
      <file href="mobile/txt_Right_Hover_Selected_5uEXelykN6Z.png" />
      <file href="mobile/txt_Wrong_5uEXelykN6Z.png" />
      <file href="mobile/txt_Wrong_Selected_5uEXelykN6Z.png" />
      <file href="mobile/txt_Wrong_Hover_5uEXelykN6Z.png" />
      <file href="mobile/txt_Wrong_Hover_Selected_5uEXelykN6Z.png" />
      <file href="mobile/txt_Selected wrong_5uEXelykN6Z.png" />
      <file href="mobile/txt_Selected wrong_Selected_5uEXelykN6Z.png" />
      <file href="mobile/txt_Selected wrong_Hover_5uEXelykN6Z.png" />
      <file href="mobile/txt_Selected wrong_Hover_Selected_5uEXelykN6Z.png" />
      <file href="mobile/txt_Selected right_5uEXelykN6Z.png" />
      <file href="mobile/txt_Selected right_Selected_5uEXelykN6Z.png" />
      <file href="mobile/txt_Selected right_Hover_5uEXelykN6Z.png" />
      <file href="mobile/txt_Selected right_Hover_Selected_5uEXelykN6Z.png" />
      <file href="mobile/txt__default_6g8oDC62iTd.png" />
      <file href="mobile/txt__default_Selected_6g8oDC62iTd.png" />
      <file href="mobile/txt__default_Hover_6g8oDC62iTd.png" />
      <file href="mobile/txt__default_Hover_Selected_6g8oDC62iTd.png" />
      <file href="mobile/txt_Right_6g8oDC62iTd.png" />
      <file href="mobile/txt_Right_Selected_6g8oDC62iTd.png" />
      <file href="mobile/txt_Right_Hover_6g8oDC62iTd.png" />
      <file href="mobile/txt_Right_Hover_Selected_6g8oDC62iTd.png" />
      <file href="mobile/txt_Wrong_6g8oDC62iTd.png" />
      <file href="mobile/txt_Wrong_Selected_6g8oDC62iTd.png" />
      <file href="mobile/txt_Wrong_Hover_6g8oDC62iTd.png" />
      <file href="mobile/txt_Wrong_Hover_Selected_6g8oDC62iTd.png" />
      <file href="mobile/txt_Selected wrong_6g8oDC62iTd.png" />
      <file href="mobile/txt_Selected wrong_Selected_6g8oDC62iTd.png" />
      <file href="mobile/txt_Selected wrong_Hover_6g8oDC62iTd.png" />
      <file href="mobile/txt_Selected wrong_Hover_Selected_6g8oDC62iTd.png" />
      <file href="mobile/txt_Selected right_6g8oDC62iTd.png" />
      <file href="mobile/txt_Selected right_Selected_6g8oDC62iTd.png" />
      <file href="mobile/txt_Selected right_Hover_6g8oDC62iTd.png" />
      <file href="mobile/txt_Selected right_Hover_Selected_6g8oDC62iTd.png" />
      <file href="html5/data/css/output.min.css" />
      <file href="html5/data/js/5qMFVGVkw6v.js" />
      <file href="html5/data/js/5r0yHkkigQZ.js" />
      <file href="html5/data/js/5Vm6X7R5P9T.js" />
      <file href="html5/data/js/67aJ26GxLAu.js" />
      <file href="html5/data/js/6dnt1UVrsDK.js" />
      <file href="html5/data/js/6LPgk6IbdsU.js" />
      <file href="html5/data/js/6MjWvhhlkAl.js" />
      <file href="html5/data/js/6q9LnXWRmpn.js" />
      <file href="html5/data/js/6V989lqGstO.js" />
      <file href="html5/data/js/data.js" />
      <file href="html5/data/js/frame.js" />
      <file href="html5/data/js/paths.js" />
      <file href="html5/lib/scripts/ds-bootstrap.min.js" />
      <file href="html5/lib/scripts/ds-frame.desktop.min.js" />
      <file href="html5/lib/scripts/ds-frame.mobile.min.js" />
      <file href="html5/lib/scripts/ds-slides.min.js" />
      <file href="html5/lib/stylesheets/desktop.min.css" />
      <file href="html5/lib/stylesheets/mobile.min.css" />
      <file href="html5/lib/stylesheets/mobile-fonts/open-sans-bold.woff" />
      <file href="html5/lib/stylesheets/mobile-fonts/open-sans-light.woff" />
      <file href="html5/lib/stylesheets/mobile-fonts/open-sans-regular.woff" />
      <file href="analytics-frame.html" />
      <file href="story.html" />
      <file href="index_lms.html" />
      <file href="lms/AICCComm.html" />
      <file href="lms/blank.html" />
      <file href="lms/browsersniff.js" />
      <file href="lms/goodbye.html" />
      <file href="lms/scormdriver.js" />
    </resource>
  </resources>
</manifest>