﻿<?xml version="1.0" encoding="utf-8"?>
<manifest identifier="_6MxIjZkDwES_course_id" version="1.0" xmlns="http://www.imsproject.org/xsd/imscp_rootv1p1p2" xmlns:adlcp="http://www.adlnet.org/xsd/adlcp_rootv1p2" xmlns:xsi="http://www.w3.org/2001/XMLSchema-instance" xsi:schemaLocation="http://www.imsproject.org/xsd/imscp_rootv1p1p2 imscp_rootv1p1p2.xsd http://www.imsglobal.org/xsd/imsmd_rootv1p2p1 imsmd_rootv1p2p1.xsd http://www.adlnet.org/xsd/adlcp_rootv1p2 adlcp_rootv1p2.xsd">
  <metadata>
    <schema>ADL SCORM</schema>
    <schemaversion>1.2</schemaversion>
    <lom xmlns="http://www.imsglobal.org/xsd/imsmd_rootv1p2p1" xmlns:xsi="http://www.w3.org/2001/XMLSchema-instance" xsi:schemaLocation="http://www.imsglobal.org/xsd/imsmd_rootv1p2p1 imsmd_rootv1p2p1.xsd">
      <general>
        <title>
          <langstring xml:lang="x-none">Virtue Ethics &amp; Research Integrity</langstring>
        </title>
      </general>
      <lifecycle>
        <version>
          <langstring xml:lang="x-none">1</langstring>
        </version>
        <status>
          <source>
            <langstring xml:lang="x-none">LOMv1.0</langstring>
          </source>
          <value>
            <langstring xml:lang="x-none">Final</langstring>
          </value>
        </status>
      </lifecycle>
      <metametadata>
        <metadatascheme>ADL SCORM 1.2</metadatascheme>
      </metametadata>
      <educational>
        <typicallearningtime>
          <datetime>PT0H0M0S</datetime>
        </typicallearningtime>
      </educational>
      <rights>
        <cost>
          <source>
            <langstring xml:lang="x-none">LOMv1.0</langstring>
          </source>
          <value>
            <langstring xml:lang="x-none">yes</langstring>
          </value>
        </cost>
        <copyrightandotherrestrictions>
          <source>
            <langstring xml:lang="x-none">LOMv1.0</langstring>
          </source>
          <value>
            <langstring xml:lang="x-none">yes</langstring>
          </value>
        </copyrightandotherrestrictions>
      </rights>
    </lom>
  </metadata>
  <organizations default="Virtue_Ethics_&amp;_Research_Integrity_ORG">
    <organization identifier="Virtue_Ethics_&amp;_Research_Integrity_ORG">
      <title>Virtue Ethics &amp; Research Integrity</title>
      <item identifier="Virtue_Ethics_&amp;_Research_Integrity_SCO" isvisible="true" identifierref="__6MxIjZkDwES_course_id_RES">
        <title>Virtue Ethics &amp; Research Integrity</title>
      </item>
    </organization>
  </organizations>
  <resources>
    <resource identifier="__6MxIjZkDwES_course_id_RES" type="webcontent" href="index_lms.html" adlcp:scormtype="sco">
      <file href="story_content/thumbnail.jpg" />
      <file href="mobile/6Y0Mwdj0ifm_80_DX126_DY126_CX94_CY93.png" />
      <file href="mobile/68WZNoyNPtc_80_DX196_DY196_CX147_CY147.png" />
      <file href="story_content/5ppOeWV7CeR_44100_48_0.mp3" />
      <file href="story_content/66ogrVdNI2K_captions.js" />
      <file href="story_content/6nS80jjaPTW_44100_48_0.mp3" />
      <file href="story_content/6En3jYKQ0AO_captions.js" />
      <file href="mobile/5g4KTBWcRid_80_DX278_DY278_CX208_CY144.jpg" />
      <file href="story_content/6lmnkdk1b8p_44100_48_0.mp3" />
      <file href="story_content/5xq8wuHNFze_captions.js" />
      <file href="mobile/69s7QjMaDgA_80_DX184_DY184_CX138_CY138.gif" />
      <file href="story_content/6iLF1wCXXAh_44100_48_0.mp3" />
      <file href="story_content/6S1kfHZJt5N_captions.js" />
      <file href="story_content/5pLRHoHIN5l_44100_48_0.mp3" />
      <file href="story_content/5rD37nXTO17_captions.js" />
      <file href="story_content/6PW3gzZ5xg8_44100_48_0.mp3" />
      <file href="story_content/67i6gEqGd0f_captions.js" />
      <file href="story_content/5lRzFdKanAq_44100_48_0.mp3" />
      <file href="story_content/6PulAOzk6WV_captions.js" />
      <file href="story_content/69zTV8NMUgL_44100_48_0.mp3" />
      <file href="story_content/5jf8q5UXVpB_captions.js" />
      <file href="story_content/5f1viEbTLIH_44100_48_0.mp3" />
      <file href="story_content/6SG5FNHKo4C_captions.js" />
      <file href="mobile/5WcTKzbKhQj_80_DX840_DY840_CX629_CY517.png" />
      <file href="story_content/65iAqf6vvZA_44100_48_0.mp3" />
      <file href="story_content/5VolXxJe3lF_captions.js" />
      <file href="story_content/6WsyqibjqIw_44100_48_0.mp3" />
      <file href="story_content/5bclgtwROku_captions.js" />
      <file href="mobile/65i48jzt8rC_80_DX336_DY336_CX178_CY252.jpg" />
      <file href="story_content/6SglGQFc9EJ_44100_48_0.mp3" />
      <file href="story_content/5XOhX4C87vo_captions.js" />
      <file href="story_content/5f5SvHJoWtd_44100_48_0.mp3" />
      <file href="story_content/6U0Z3gyj8Bv_captions.js" />
      <file href="story_content/5vwzRXSJ8KP_44100_48_0.mp3" />
      <file href="story_content/6Eqa6AshaAv_captions.js" />
      <file href="story_content/6FmSzFWHGlY_44100_48_0.mp3" />
      <file href="story_content/6koJk08AW0o_captions.js" />
      <file href="story_content/6ZfBQiy8JHV_44100_48_0.mp3" />
      <file href="story_content/5dyAsXnHOrW_captions.js" />
      <file href="story_content/6DROrUmNRGn_44100_48_0.mp3" />
      <file href="story_content/5ceF0oK2bSR_captions.js" />
      <file href="story_content/6bdT3819TUa_44100_48_0.mp3" />
      <file href="story_content/60EEbzqLiSu_captions.js" />
      <file href="story_content/63m2xVlj9r3_44100_48_0.mp3" />
      <file href="story_content/6GgzAmUG4bT_captions.js" />
      <file href="story_content/5dYwdXe55E5_44100_48_0.mp3" />
      <file href="story_content/6XQ4DjCLMmI_captions.js" />
      <file href="story_content/6mtcMCGrD2b_44100_48_0.mp3" />
      <file href="story_content/5ndb0t6x9f9_captions.js" />
      <file href="story_content/6OfmOg0cY5N_44100_48_0.mp3" />
      <file href="story_content/6nKXa0M8pq1_captions.js" />
      <file href="story_content/6hxHbwDjGLf_44100_48_0.mp3" />
      <file href="story_content/6Nesd4bmfE3_captions.js" />
      <file href="story_content/6CLCNwb0OVQ_44100_48_0.mp3" />
      <file href="story_content/5ZPSbCH83vR_captions.js" />
      <file href="story_content/6iINejbZkA1_44100_48_0.mp3" />
      <file href="story_content/5uxSTQEri3o_captions.js" />
      <file href="story_content/6CrHg9Q4936_44100_48_0.mp3" />
      <file href="story_content/6cVE48N2zSf_captions.js" />
      <file href="story_content/5djOKbkgR40_44100_48_0.mp3" />
      <file href="story_content/6cxXNLAjoxV_captions.js" />
      <file href="story_content/5n9JrVZ3NoQ_44100_48_0.mp3" />
      <file href="story_content/6Asy0yG9Rdd_captions.js" />
      <file href="story_content/6p493Ja9Icy_44100_48_0.mp3" />
      <file href="story_content/6m9MMEkvabD_captions.js" />
      <file href="story_content/6VjpyMg3MPv_44100_48_0.mp3" />
      <file href="story_content/6ibdYUI0cmr_captions.js" />
      <file href="story_content/61hTh1t5huG_44100_48_0.mp3" />
      <file href="story_content/5thhWXrF5gS_captions.js" />
      <file href="story_content/6I46EbVJm9H_44100_48_0.mp3" />
      <file href="story_content/6QEyF8ebotT_captions.js" />
      <file href="story_content/6cVTeEZpS2f_44100_48_0.mp3" />
      <file href="story_content/6WyxL9OKoVI_captions.js" />
      <file href="story_content/5lYQ4cmUViz_captions.js" />
      <file href="story_content/6rBtcxljGJI_44100_48_0.mp3" />
      <file href="story_content/5wo3ZfcbSUD_captions.js" />
      <file href="story_content/5Z185Kl1ACQ_44100_48_0.mp3" />
      <file href="story_content/5mCgZ5JHhIh_captions.js" />
      <file href="mobile/638OJ5hqVMR_80_DX164_DY164_CX123_CY54.png" />
      <file href="meta.xml" />
      <file href="story_content/user.js" />
      <file href="mobile/txt__default_5kVKxD8tT6N.png" />
      <file href="mobile/txt__default_69CkR5Ins7w.png" />
      <file href="mobile/txt__default_6lGzF88r7TH.png" />
      <file href="mobile/txt__default_6d3RCA9MHwC.png" />
      <file href="mobile/txt__default_5oSnwDTChI4.png" />
      <file href="mobile/txt__default_5lrbGTSMPEs.png" />
      <file href="mobile/txt__default_6iIlGzKOLS4.png" />
      <file href="mobile/txt__default_64jaYkcvOts.png" />
      <file href="mobile/txt__default_6OlXCXbA99n.png" />
      <file href="mobile/txt__default_5ZfjFwT8F3d.png" />
      <file href="mobile/txt__default_6699VG08IGu.png" />
      <file href="mobile/txt__default_6lh10OLZo3U.png" />
      <file href="mobile/txt__default_6Oy2hobhDyF.png" />
      <file href="mobile/txt__default_6PgnRNcwHha.png" />
      <file href="mobile/txt__default_6AHqRuii12z.png" />
      <file href="mobile/Shape5fpzAS9NX0A.png" />
      <file href="mobile/Shape6Xmzw9QQB6S.png" />
      <file href="mobile/txt__default_5zNjopIa6Wm.png" />
      <file href="mobile/txt__default_6GmYUSHYghY.png" />
      <file href="mobile/txt__default_6fp58oaNIiZ.png" />
      <file href="mobile/txt__default_64DIT83nU5f.png" />
      <file href="html5/data/css/output.min.css" />
      <file href="html5/data/js/5b5y5LNaeK3.js" />
      <file href="html5/data/js/5f21v3pgQQA.js" />
      <file href="html5/data/js/5oX1WHyFPF2.js" />
      <file href="html5/data/js/5VHkE5HoAiJ.js" />
      <file href="html5/data/js/5VRPyWcwm0T.js" />
      <file href="html5/data/js/5yD0Kuz7CoT.js" />
      <file href="html5/data/js/5zYTHBwsD16.js" />
      <file href="html5/data/js/69IEHvenzrq.js" />
      <file href="html5/data/js/6cfV6QxR2eb.js" />
      <file href="html5/data/js/6o726i8s2eI.js" />
      <file href="html5/data/js/data.js" />
      <file href="html5/data/js/frame.js" />
      <file href="html5/data/js/paths.js" />
      <file href="html5/lib/scripts/bootstrapper.min.js" />
      <file href="html5/lib/scripts/frame.desktop.min.js" />
      <file href="html5/lib/scripts/frame.mobile.min.js" />
      <file href="html5/lib/scripts/slides.min.js" />
      <file href="html5/lib/stylesheets/desktop.min.css" />
      <file href="html5/lib/stylesheets/mobile.min.css" />
      <file href="html5/lib/stylesheets/mobile-fonts/open-sans-bold.woff" />
      <file href="html5/lib/stylesheets/mobile-fonts/open-sans-light.woff" />
      <file href="html5/lib/stylesheets/mobile-fonts/open-sans-regular.woff" />
      <file href="analytics-frame.html" />
      <file href="story.html" />
      <file href="index_lms.html" />
      <file href="lms/AICCComm.html" />
      <file href="lms/blank.html" />
      <file href="lms/browsersniff.js" />
      <file href="lms/goodbye.html" />
      <file href="lms/LICENSE.txt" />
      <file href="lms/scormdriver.js" />
    </resource>
  </resources>
</manifest>