﻿<?xml version="1.0" encoding="utf-8"?>
<manifest identifier="_66etlPYhtGB_course_id" version="1.0" xmlns="http://www.imsproject.org/xsd/imscp_rootv1p1p2" xmlns:adlcp="http://www.adlnet.org/xsd/adlcp_rootv1p2" xmlns:xsi="http://www.w3.org/2001/XMLSchema-instance" xsi:schemaLocation="http://www.imsproject.org/xsd/imscp_rootv1p1p2 imscp_rootv1p1p2.xsd http://www.imsglobal.org/xsd/imsmd_rootv1p2p1 imsmd_rootv1p2p1.xsd http://www.adlnet.org/xsd/adlcp_rootv1p2 adlcp_rootv1p2.xsd">
  <metadata>
    <schema>ADL SCORM</schema>
    <schemaversion>1.2</schemaversion>
    <lom xmlns="http://www.imsglobal.org/xsd/imsmd_rootv1p2p1" xmlns:xsi="http://www.w3.org/2001/XMLSchema-instance" xsi:schemaLocation="http://www.imsglobal.org/xsd/imsmd_rootv1p2p1 imsmd_rootv1p2p1.xsd">
      <general>
        <title>
          <langstring xml:lang="x-none">Research Integrity in your context</langstring>
        </title>
      </general>
      <lifecycle>
        <version>
          <langstring xml:lang="x-none">1</langstring>
        </version>
        <status>
          <source>
            <langstring xml:lang="x-none">LOMv1.0</langstring>
          </source>
          <value>
            <langstring xml:lang="x-none">Final</langstring>
          </value>
        </status>
      </lifecycle>
      <metametadata>
        <metadatascheme>ADL SCORM 1.2</metadatascheme>
      </metametadata>
      <educational>
        <typicallearningtime>
          <datetime>PT0H0M0S</datetime>
        </typicallearningtime>
      </educational>
      <rights>
        <cost>
          <source>
            <langstring xml:lang="x-none">LOMv1.0</langstring>
          </source>
          <value>
            <langstring xml:lang="x-none">yes</langstring>
          </value>
        </cost>
        <copyrightandotherrestrictions>
          <source>
            <langstring xml:lang="x-none">LOMv1.0</langstring>
          </source>
          <value>
            <langstring xml:lang="x-none">yes</langstring>
          </value>
        </copyrightandotherrestrictions>
      </rights>
    </lom>
  </metadata>
  <organizations default="Research_Integrity_in_your_context_ORG">
    <organization identifier="Research_Integrity_in_your_context_ORG">
      <title>Research Integrity in your context</title>
      <item identifier="Research_Integrity_in_your_context_SCO" isvisible="true" identifierref="__66etlPYhtGB_course_id_RES">
        <title>Research Integrity in your context</title>
      </item>
    </organization>
  </organizations>
  <resources>
    <resource identifier="__66etlPYhtGB_course_id_RES" type="webcontent" href="index_lms.html" adlcp:scormtype="sco">
      <file href="story_content/thumbnail.jpg" />
      <file href="mobile/6Y0Mwdj0ifm_80_DX126_DY126_CX94_CY93.png" />
      <file href="mobile/68WZNoyNPtc_80_DX196_DY196_CX147_CY147.png" />
      <file href="story_content/6lrDKHxq1L6_44100_48_0.mp3" />
      <file href="story_content/5Y4jMCUpm2W_captions.js" />
      <file href="story_content/6nS80jjaPTW_44100_48_0.mp3" />
      <file href="story_content/6ZxlmoeDh14_captions.js" />
      <file href="mobile/5g4KTBWcRid_80_DX278_DY278_CX208_CY144.jpg" />
      <file href="story_content/6lmnkdk1b8p_44100_48_0.mp3" />
      <file href="story_content/5tOe0ODiH45_captions.js" />
      <file href="mobile/69s7QjMaDgA_80_DX184_DY184_CX138_CY138.gif" />
      <file href="story_content/6R4zy5bNMRi_44100_48_0.mp3" />
      <file href="story_content/6gzKbyTkDq4_captions.js" />
      <file href="story_content/68QunZwgfYs_44100_48_0.mp3" />
      <file href="story_content/5ct5Sc3XDaR_captions.js" />
      <file href="story_content/6aSi5lWJGoi_44100_48_0.mp3" />
      <file href="story_content/66c8djqnYd4_captions.js" />
      <file href="mobile/5v5BCiQgnQb_80_P_108_0_284_337_DX420_DY420_CX166_CY197.png" />
      <file href="mobile/5v5BCiQgnQb_80_P_108_0_284_337_DX420_DY420_CX78_CY93.png" />
      <file href="mobile/65i48jzt8rC_80_DX402_DY402_CX183_CY259.jpg" />
      <file href="story_content/6dm6RGoyDdT_44100_48_0.mp3" />
      <file href="story_content/5XjDJTC9Msv_captions.js" />
      <file href="story_content/6kSHxBxbmWZ_44100_48_0.mp3" />
      <file href="story_content/5mXOsv86ntQ_captions.js" />
      <file href="mobile/65i48jzt8rC_80_DX402_DY402_CX213_CY301.jpg" />
      <file href="story_content/5yTyDKV2u7H_44100_48_0.mp3" />
      <file href="story_content/68b8wzIjt8W_captions.js" />
      <file href="story_content/6rMiX56sv0p_44100_48_0.mp3" />
      <file href="story_content/5zA2HkvtMhu_captions.js" />
      <file href="story_content/6RtizPqglN5_44100_48_0.mp3" />
      <file href="story_content/5ZVHmDU0Zmu_captions.js" />
      <file href="story_content/6mK5vnnGUkj_44100_48_0.mp3" />
      <file href="story_content/6aeb5JDC5OV_captions.js" />
      <file href="story_content/6aIYgb8xNgT_44100_48_0.mp3" />
      <file href="story_content/6iirEgJzvu4_captions.js" />
      <file href="story_content/6ndXOxWggHC_44100_48_0.mp3" />
      <file href="story_content/5Z3dZ47Y5d9_captions.js" />
      <file href="story_content/6OAktg7QML1_44100_48_0.mp3" />
      <file href="story_content/60h98hPJzRI_captions.js" />
      <file href="story_content/6O8DPUzVUKA_44100_48_0.mp3" />
      <file href="story_content/5r03iDvLOYY_captions.js" />
      <file href="story_content/6QODrqyw9Fc_44100_48_0.mp3" />
      <file href="story_content/6UPPMwKayqf_captions.js" />
      <file href="story_content/6AsyXY3Nftp_44100_48_0.mp3" />
      <file href="story_content/67S0ulnjD2s_captions.js" />
      <file href="story_content/5z7HwSsbK57_44100_48_0.mp3" />
      <file href="story_content/6LGHJyRxvmd_captions.js" />
      <file href="story_content/5rzB8gfEz0J_44100_48_0.mp3" />
      <file href="story_content/5VAyha9fFZW_captions.js" />
      <file href="story_content/6eRwRYLNYo2_44100_48_0.mp3" />
      <file href="story_content/5hsl6FVIUr6_captions.js" />
      <file href="story_content/6mEZutpjhZA_44100_48_0.mp3" />
      <file href="story_content/5uPpxEp40Ys_captions.js" />
      <file href="mobile/638OJ5hqVMR_80_DX164_DY164_CX123_CY54.png" />
      <file href="meta.xml" />
      <file href="story_content/user.js" />
      <file href="mobile/txt__default_5cUVIRLubgT.png" />
      <file href="mobile/txt__default_6ijAq8VBEY0.png" />
      <file href="mobile/txt__default_5a618wsKFWw.png" />
      <file href="mobile/txt__default_5Vep51xfJyU.png" />
      <file href="mobile/txt__default_6hjn7CuRpV8.png" />
      <file href="mobile/txt__default_6XZkbPCkNoW.png" />
      <file href="mobile/txt__default_5V7oGS8IxvZ.png" />
      <file href="mobile/txt__default_6a97HJgiORs.png" />
      <file href="mobile/txt__default_5fasVMRnU8N.png" />
      <file href="html5/data/css/output.min.css" />
      <file href="html5/data/js/5c4xVGnxTVV.js" />
      <file href="html5/data/js/5e129f4IVhz.js" />
      <file href="html5/data/js/5nZWicAwL7W.js" />
      <file href="html5/data/js/5qqoIEQKFgs.js" />
      <file href="html5/data/js/5sGexMhd0qV.js" />
      <file href="html5/data/js/6G5ETMU47uL.js" />
      <file href="html5/data/js/6n2JbJGQWLw.js" />
      <file href="html5/data/js/6WHMrlbkeaf.js" />
      <file href="html5/data/js/data.js" />
      <file href="html5/data/js/frame.js" />
      <file href="html5/data/js/paths.js" />
      <file href="html5/lib/scripts/bootstrapper.min.js" />
      <file href="html5/lib/scripts/frame.desktop.min.js" />
      <file href="html5/lib/scripts/frame.mobile.min.js" />
      <file href="html5/lib/scripts/slides.min.js" />
      <file href="html5/lib/stylesheets/desktop.min.css" />
      <file href="html5/lib/stylesheets/mobile.min.css" />
      <file href="html5/lib/stylesheets/mobile-fonts/open-sans-bold.woff" />
      <file href="html5/lib/stylesheets/mobile-fonts/open-sans-light.woff" />
      <file href="html5/lib/stylesheets/mobile-fonts/open-sans-regular.woff" />
      <file href="analytics-frame.html" />
      <file href="story.html" />
      <file href="index_lms.html" />
      <file href="lms/AICCComm.html" />
      <file href="lms/blank.html" />
      <file href="lms/browsersniff.js" />
      <file href="lms/goodbye.html" />
      <file href="lms/LICENSE.txt" />
      <file href="lms/scormdriver.js" />
    </resource>
  </resources>
</manifest>