﻿<?xml version="1.0" encoding="utf-8"?>
<manifest identifier="_6m0iez71T8V_course_id" version="1.0" xmlns="http://www.imsproject.org/xsd/imscp_rootv1p1p2" xmlns:adlcp="http://www.adlnet.org/xsd/adlcp_rootv1p2" xmlns:xsi="http://www.w3.org/2001/XMLSchema-instance" xsi:schemaLocation="http://www.imsproject.org/xsd/imscp_rootv1p1p2 imscp_rootv1p1p2.xsd http://www.imsglobal.org/xsd/imsmd_rootv1p2p1 imsmd_rootv1p2p1.xsd http://www.adlnet.org/xsd/adlcp_rootv1p2 adlcp_rootv1p2.xsd">
  <metadata>
    <schema>ADL SCORM</schema>
    <schemaversion>1.2</schemaversion>
    <lom xmlns="http://www.imsglobal.org/xsd/imsmd_rootv1p2p1" xmlns:xsi="http://www.w3.org/2001/XMLSchema-instance" xsi:schemaLocation="http://www.imsglobal.org/xsd/imsmd_rootv1p2p1 imsmd_rootv1p2p1.xsd">
      <general>
        <title>
          <langstring xml:lang="x-none">Cognitive Dissonance &amp; Moral Distress</langstring>
        </title>
      </general>
      <lifecycle>
        <version>
          <langstring xml:lang="x-none">1</langstring>
        </version>
        <status>
          <source>
            <langstring xml:lang="x-none">LOMv1.0</langstring>
          </source>
          <value>
            <langstring xml:lang="x-none">Final</langstring>
          </value>
        </status>
      </lifecycle>
      <metametadata>
        <metadatascheme>ADL SCORM 1.2</metadatascheme>
      </metametadata>
      <educational>
        <typicallearningtime>
          <datetime>PT0H0M0S</datetime>
        </typicallearningtime>
      </educational>
      <rights>
        <cost>
          <source>
            <langstring xml:lang="x-none">LOMv1.0</langstring>
          </source>
          <value>
            <langstring xml:lang="x-none">yes</langstring>
          </value>
        </cost>
        <copyrightandotherrestrictions>
          <source>
            <langstring xml:lang="x-none">LOMv1.0</langstring>
          </source>
          <value>
            <langstring xml:lang="x-none">yes</langstring>
          </value>
        </copyrightandotherrestrictions>
      </rights>
    </lom>
  </metadata>
  <organizations default="Cognitive_Dissonance_&amp;_Moral_Distress_ORG">
    <organization identifier="Cognitive_Dissonance_&amp;_Moral_Distress_ORG">
      <title>Cognitive Dissonance &amp; Moral Distress</title>
      <item identifier="Cognitive_Dissonance_&amp;_Moral_Distress_SCO" isvisible="true" identifierref="__6m0iez71T8V_course_id_RES">
        <title>Cognitive Dissonance &amp; Moral Distress</title>
      </item>
    </organization>
  </organizations>
  <resources>
    <resource identifier="__6m0iez71T8V_course_id_RES" type="webcontent" href="index_lms.html" adlcp:scormtype="sco">
      <file href="story_content/thumbnail.jpg" />
      <file href="mobile/6Y0Mwdj0ifm_80_DX126_DY126_CX94_CY93.png" />
      <file href="mobile/68WZNoyNPtc_80_DX196_DY196_CX147_CY147.png" />
      <file href="story_content/5hzNF4Lr0aO_44100_48_0.mp3" />
      <file href="story_content/68F0Yhy8a8w_captions.js" />
      <file href="mobile/5okJSWfIGmV_80_P_0_0_203_176_DX132_DY132_CX49_CY43.png" />
      <file href="story_content/6nS80jjaPTW_44100_48_0.mp3" />
      <file href="story_content/6CoAN5s9OCB_captions.js" />
      <file href="mobile/5g4KTBWcRid_80_DX278_DY278_CX208_CY144.jpg" />
      <file href="story_content/6lmnkdk1b8p_44100_48_0.mp3" />
      <file href="story_content/6XSiTx5pUuD_captions.js" />
      <file href="mobile/69s7QjMaDgA_80_DX184_DY184_CX138_CY138.gif" />
      <file href="story_content/6eQ0wXwnwAO_44100_48_0.mp3" />
      <file href="story_content/5yld4o7YeHZ_captions.js" />
      <file href="story_content/6QR0oM7AHpD_44100_48_0.mp3" />
      <file href="story_content/690jxjxGYuX_captions.js" />
      <file href="mobile/5okJSWfIGmV_80_P_0_0_203_176_DX132_DY132_CX34_CY30.png" />
      <file href="story_content/6HoqT0DZMTs_44100_48_0.mp3" />
      <file href="story_content/6HiShI1iRV3_captions.js" />
      <file href="mobile/6rMh3mZPjji_X_80_DX1334_DY1334_CX423_CY867.png" />
      <file href="mobile/5wKaBJ69w67_80_DX1334_DY1334_CX473_CY970.png" />
      <file href="mobile/6o2paV48Gpd_X_80_DX734_DY734_CX423_CY477.png" />
      <file href="story_content/5f9tVQvPOVh_44100_48_0.mp3" />
      <file href="story_content/5oxzg0r0n6F_captions.js" />
      <file href="story_content/6ErsBXMkfDA_44100_48_0.mp3" />
      <file href="story_content/5oq8iwfdwGP_captions.js" />
      <file href="story_content/5pjbxnxILw0_44100_48_0.mp3" />
      <file href="story_content/61SUtBWnIna_captions.js" />
      <file href="mobile/6rMh3mZPjji_X_80_DX1336_DY1336_CX489_CY1002.png" />
      <file href="mobile/5wKaBJ69w67_80_DX1336_DY1336_CX489_CY1002.png" />
      <file href="mobile/6o2paV48Gpd_X_80_DX734_DY734_CX488_CY550.png" />
      <file href="story_content/5fR5rQwHItN_44100_48_0.mp3" />
      <file href="story_content/6C1Gt7YWvXO_captions.js" />
      <file href="story_content/6Da9DQ5TA4i_44100_48_0.mp3" />
      <file href="story_content/6OGCbaE7TzY_captions.js" />
      <file href="story_content/5i2qFWkC6d7_44100_48_0.mp3" />
      <file href="story_content/5tlC6EJ79lU_captions.js" />
      <file href="story_content/5v75Fvdutvx_44100_48_0.mp3" />
      <file href="story_content/5lURTQHwk68_captions.js" />
      <file href="story_content/5rgdnnY0ubi_44100_48_0.mp3" />
      <file href="story_content/68Zo5txM4ch_captions.js" />
      <file href="story_content/60hXDVcH9q4_44100_48_0.mp3" />
      <file href="story_content/5bCa41iVuun_captions.js" />
      <file href="story_content/5VvsicTy5HF_44100_48_0.mp3" />
      <file href="story_content/6IpiAnCByqf_captions.js" />
      <file href="story_content/6mWNm5aoCaJ_44100_48_0.mp3" />
      <file href="story_content/6XGmZ077MS2_captions.js" />
      <file href="story_content/5wZfYUh6EgH_44100_48_0.mp3" />
      <file href="story_content/6EWbBfj73Sk_captions.js" />
      <file href="story_content/61puV2bz4z1_44100_48_0.mp3" />
      <file href="story_content/6DQbfM2tY1U_captions.js" />
      <file href="story_content/6ok8yLtBMtj_44100_48_0.mp3" />
      <file href="story_content/6k4ujwy8uns_captions.js" />
      <file href="mobile/65i48jzt8rC_80_DX296_DY296_CX156_CY221.jpg" />
      <file href="story_content/6EMvEKGn90F_44100_48_0.mp3" />
      <file href="story_content/6bWTTdI6jBI_captions.js" />
      <file href="story_content/6J3eOYfPo4M_44100_48_0.mp3" />
      <file href="story_content/6mKx3Sp8odl_captions.js" />
      <file href="story_content/6N0LvT5SztF_44100_48_0.mp3" />
      <file href="story_content/6MCDjxPhCCt_captions.js" />
      <file href="story_content/5eVnafhiDxc_44100_48_0.mp3" />
      <file href="story_content/6JYXxbky0Tw_captions.js" />
      <file href="mobile/638OJ5hqVMR_80_DX164_DY164_CX123_CY54.png" />
      <file href="meta.xml" />
      <file href="story_content/user.js" />
      <file href="mobile/txt__default_5kD18xnTsuM.png" />
      <file href="mobile/txt__default_6B9KesWrv7k.png" />
      <file href="mobile/txt__default_5izct5bR3Ep.png" />
      <file href="mobile/txt__default_5cXySMioNxq.png" />
      <file href="html5/data/css/output.min.css" />
      <file href="html5/data/js/5hj25TpPdXV.js" />
      <file href="html5/data/js/622CPkpwLsR.js" />
      <file href="html5/data/js/6Cubvta1zbv.js" />
      <file href="html5/data/js/6GMo8l1xILp.js" />
      <file href="html5/data/js/6H56Tb9Z662.js" />
      <file href="html5/data/js/6U8tv6Br6ho.js" />
      <file href="html5/data/js/6UbFzhYiMQD.js" />
      <file href="html5/data/js/6X1yE49n7dI.js" />
      <file href="html5/data/js/6XWmOLOmXHy.js" />
      <file href="html5/data/js/data.js" />
      <file href="html5/data/js/frame.js" />
      <file href="html5/data/js/paths.js" />
      <file href="html5/lib/scripts/bootstrapper.min.js" />
      <file href="html5/lib/scripts/frame.desktop.min.js" />
      <file href="html5/lib/scripts/frame.mobile.min.js" />
      <file href="html5/lib/scripts/slides.min.js" />
      <file href="html5/lib/stylesheets/desktop.min.css" />
      <file href="html5/lib/stylesheets/mobile.min.css" />
      <file href="html5/lib/stylesheets/mobile-fonts/open-sans-bold.woff" />
      <file href="html5/lib/stylesheets/mobile-fonts/open-sans-light.woff" />
      <file href="html5/lib/stylesheets/mobile-fonts/open-sans-regular.woff" />
      <file href="analytics-frame.html" />
      <file href="story.html" />
      <file href="index_lms.html" />
      <file href="lms/AICCComm.html" />
      <file href="lms/blank.html" />
      <file href="lms/browsersniff.js" />
      <file href="lms/goodbye.html" />
      <file href="lms/LICENSE.txt" />
      <file href="lms/scormdriver.js" />
    </resource>
  </resources>
</manifest>