﻿<?xml version="1.0" encoding="utf-8"?>
<manifest identifier="_5eEQnboKdDY_course_id" version="1.0" xmlns="http://www.imsproject.org/xsd/imscp_rootv1p1p2" xmlns:adlcp="http://www.adlnet.org/xsd/adlcp_rootv1p2" xmlns:xsi="http://www.w3.org/2001/XMLSchema-instance" xsi:schemaLocation="http://www.imsproject.org/xsd/imscp_rootv1p1p2 imscp_rootv1p1p2.xsd http://www.imsglobal.org/xsd/imsmd_rootv1p2p1 imsmd_rootv1p2p1.xsd http://www.adlnet.org/xsd/adlcp_rootv1p2 adlcp_rootv1p2.xsd">
  <metadata>
    <schema>ADL SCORM</schema>
    <schemaversion>1.2</schemaversion>
    <lom xmlns="http://www.imsglobal.org/xsd/imsmd_rootv1p2p1" xmlns:xsi="http://www.w3.org/2001/XMLSchema-instance" xsi:schemaLocation="http://www.imsglobal.org/xsd/imsmd_rootv1p2p1 imsmd_rootv1p2p1.xsd">
      <general>
        <title>
          <langstring xml:lang="x-none">Performative Culture in Research</langstring>
        </title>
      </general>
      <lifecycle>
        <version>
          <langstring xml:lang="x-none">1</langstring>
        </version>
        <status>
          <source>
            <langstring xml:lang="x-none">LOMv1.0</langstring>
          </source>
          <value>
            <langstring xml:lang="x-none">Final</langstring>
          </value>
        </status>
      </lifecycle>
      <metametadata>
        <metadatascheme>ADL SCORM 1.2</metadatascheme>
      </metametadata>
      <educational>
        <typicallearningtime>
          <datetime>PT0H0M0S</datetime>
        </typicallearningtime>
      </educational>
      <rights>
        <cost>
          <source>
            <langstring xml:lang="x-none">LOMv1.0</langstring>
          </source>
          <value>
            <langstring xml:lang="x-none">yes</langstring>
          </value>
        </cost>
        <copyrightandotherrestrictions>
          <source>
            <langstring xml:lang="x-none">LOMv1.0</langstring>
          </source>
          <value>
            <langstring xml:lang="x-none">yes</langstring>
          </value>
        </copyrightandotherrestrictions>
      </rights>
    </lom>
  </metadata>
  <organizations default="Performative_Culture_in_Research_ORG">
    <organization identifier="Performative_Culture_in_Research_ORG">
      <title>Performative Culture in Research</title>
      <item identifier="Performative_Culture_in_Research_SCO" isvisible="true" identifierref="__5eEQnboKdDY_course_id_RES">
        <title>Performative Culture in Research</title>
      </item>
    </organization>
  </organizations>
  <resources>
    <resource identifier="__5eEQnboKdDY_course_id_RES" type="webcontent" href="index_lms.html" adlcp:scormtype="sco">
      <file href="story_content/thumbnail.jpg" />
      <file href="mobile/6Y0Mwdj0ifm_80_DX126_DY126_CX94_CY93.png" />
      <file href="mobile/68WZNoyNPtc_80_DX196_DY196_CX147_CY147.png" />
      <file href="story_content/5mnIyWrYtJg_44100_48_0.mp3" />
      <file href="story_content/6g1h5E7O90V_captions.js" />
      <file href="mobile/5okJSWfIGmV_80_P_0_0_203_176_DX132_DY132_CX49_CY43.png" />
      <file href="story_content/6nS80jjaPTW_44100_48_0.mp3" />
      <file href="story_content/6AyaR1VAjl3_captions.js" />
      <file href="mobile/5g4KTBWcRid_80_DX278_DY278_CX208_CY144.jpg" />
      <file href="story_content/6lmnkdk1b8p_44100_48_0.mp3" />
      <file href="story_content/663vPnMxX5s_captions.js" />
      <file href="mobile/69s7QjMaDgA_80_DX184_DY184_CX138_CY138.gif" />
      <file href="story_content/6j3XhlEPHEg_44100_48_0.mp3" />
      <file href="story_content/6no9kzQ2G7D_captions.js" />
      <file href="story_content/5eWwoSSKIyr_44100_48_0.mp3" />
      <file href="story_content/6hQbLSUtxmK_captions.js" />
      <file href="story_content/5VmhPX4qsaQ_44100_48_0.mp3" />
      <file href="story_content/6n5ufgAWudp_captions.js" />
      <file href="story_content/6krc2cXvSd7_44100_48_0.mp3" />
      <file href="story_content/6kSMxo7nd42_captions.js" />
      <file href="story_content/6cPE5I8Wiyr_44100_48_0.mp3" />
      <file href="story_content/6LK7xFiT25M_captions.js" />
      <file href="story_content/6auNwRwSnQl_44100_48_0.mp3" />
      <file href="story_content/64jahMulUmP_captions.js" />
      <file href="story_content/6PYZCGROSsO_44100_48_0.mp3" />
      <file href="story_content/6VPDrfSMUsH_captions.js" />
      <file href="story_content/6Lp5vGHn1FU_44100_48_0.mp3" />
      <file href="story_content/6QZbuzN357q_captions.js" />
      <file href="story_content/5tLZtrxe2tb_44100_48_0.mp3" />
      <file href="story_content/6LfzCSCbqVD_captions.js" />
      <file href="story_content/62YNl6ndfgQ_44100_48_0.mp3" />
      <file href="story_content/5ray2EG6j7y_captions.js" />
      <file href="story_content/69mdWmMIOoT_44100_48_0.mp3" />
      <file href="story_content/6bn4iSNdrRY_captions.js" />
      <file href="story_content/6BUC4vMxB8s_44100_48_0.mp3" />
      <file href="story_content/6eBV7BdMFKx_captions.js" />
      <file href="story_content/6FeJdPOTbaf_44100_48_0.mp3" />
      <file href="story_content/6q6BpJthsEO_captions.js" />
      <file href="story_content/6NgNNQu008D_44100_48_0.mp3" />
      <file href="story_content/65RySVQECL7_captions.js" />
      <file href="story_content/6azxeZdwWpg_44100_48_0.mp3" />
      <file href="story_content/6b8PqwGILxw_captions.js" />
      <file href="mobile/638OJ5hqVMR_80_DX164_DY164_CX123_CY54.png" />
      <file href="meta.xml" />
      <file href="story_content/user.js" />
      <file href="mobile/txt__default_5mVOya61VFK.png" />
      <file href="mobile/txt__default_5xzHpoI58C2.png" />
      <file href="mobile/txt__default_5bAcliAkHUD.png" />
      <file href="mobile/txt__default_5rHUUfZnJch.png" />
      <file href="mobile/txt__default_6gilVLsvT4S.png" />
      <file href="mobile/txt__default_65VBR9kxZfR.png" />
      <file href="mobile/txt__default_67wkw1s68Yh.png" />
      <file href="mobile/txt__default_6lIfDirQBgt.png" />
      <file href="mobile/txt__default_6Jf39dYHeGB.png" />
      <file href="mobile/txt__default_5r9QQEVtfP6.png" />
      <file href="html5/data/css/output.min.css" />
      <file href="html5/data/js/5n96yLmMZXI.js" />
      <file href="html5/data/js/5tOVqvkXe4r.js" />
      <file href="html5/data/js/5wfkTaw6yTU.js" />
      <file href="html5/data/js/5WjufOMhW9C.js" />
      <file href="html5/data/js/5z6rxp5b8nV.js" />
      <file href="html5/data/js/6YtySsHe7v4.js" />
      <file href="html5/data/js/6Z2JohwrZiS.js" />
      <file href="html5/data/js/data.js" />
      <file href="html5/data/js/frame.js" />
      <file href="html5/data/js/paths.js" />
      <file href="html5/lib/scripts/bootstrapper.min.js" />
      <file href="html5/lib/scripts/frame.desktop.min.js" />
      <file href="html5/lib/scripts/frame.mobile.min.js" />
      <file href="html5/lib/scripts/slides.min.js" />
      <file href="html5/lib/stylesheets/desktop.min.css" />
      <file href="html5/lib/stylesheets/mobile.min.css" />
      <file href="html5/lib/stylesheets/mobile-fonts/open-sans-bold.woff" />
      <file href="html5/lib/stylesheets/mobile-fonts/open-sans-light.woff" />
      <file href="html5/lib/stylesheets/mobile-fonts/open-sans-regular.woff" />
      <file href="analytics-frame.html" />
      <file href="story.html" />
      <file href="index_lms.html" />
      <file href="lms/AICCComm.html" />
      <file href="lms/blank.html" />
      <file href="lms/browsersniff.js" />
      <file href="lms/goodbye.html" />
      <file href="lms/LICENSE.txt" />
      <file href="lms/scormdriver.js" />
    </resource>
  </resources>
</manifest>