﻿<?xml version="1.0" encoding="utf-8"?>
<manifest identifier="_5V23qEXN7B8_course_id" version="1.0" xmlns="http://www.imsproject.org/xsd/imscp_rootv1p1p2" xmlns:adlcp="http://www.adlnet.org/xsd/adlcp_rootv1p2" xmlns:xsi="http://www.w3.org/2001/XMLSchema-instance" xsi:schemaLocation="http://www.imsproject.org/xsd/imscp_rootv1p1p2 imscp_rootv1p1p2.xsd http://www.imsglobal.org/xsd/imsmd_rootv1p2p1 imsmd_rootv1p2p1.xsd http://www.adlnet.org/xsd/adlcp_rootv1p2 adlcp_rootv1p2.xsd">
  <metadata>
    <schema>ADL SCORM</schema>
    <schemaversion>1.2</schemaversion>
    <lom xmlns="http://www.imsglobal.org/xsd/imsmd_rootv1p2p1" xmlns:xsi="http://www.w3.org/2001/XMLSchema-instance" xsi:schemaLocation="http://www.imsglobal.org/xsd/imsmd_rootv1p2p1 imsmd_rootv1p2p1.xsd">
      <general>
        <title>
          <langstring xml:lang="x-none">How virtues are taught</langstring>
        </title>
      </general>
      <lifecycle>
        <version>
          <langstring xml:lang="x-none">1</langstring>
        </version>
        <status>
          <source>
            <langstring xml:lang="x-none">LOMv1.0</langstring>
          </source>
          <value>
            <langstring xml:lang="x-none">Final</langstring>
          </value>
        </status>
      </lifecycle>
      <metametadata>
        <metadatascheme>ADL SCORM 1.2</metadatascheme>
      </metametadata>
      <educational>
        <typicallearningtime>
          <datetime>PT0H0M0S</datetime>
        </typicallearningtime>
      </educational>
      <rights>
        <cost>
          <source>
            <langstring xml:lang="x-none">LOMv1.0</langstring>
          </source>
          <value>
            <langstring xml:lang="x-none">yes</langstring>
          </value>
        </cost>
        <copyrightandotherrestrictions>
          <source>
            <langstring xml:lang="x-none">LOMv1.0</langstring>
          </source>
          <value>
            <langstring xml:lang="x-none">yes</langstring>
          </value>
        </copyrightandotherrestrictions>
      </rights>
    </lom>
  </metadata>
  <organizations default="How_virtues_are_taught_ORG">
    <organization identifier="How_virtues_are_taught_ORG">
      <title>How virtues are taught</title>
      <item identifier="How_virtues_are_taught_SCO" isvisible="true" identifierref="__5V23qEXN7B8_course_id_RES">
        <title>How virtues are taught</title>
      </item>
    </organization>
  </organizations>
  <resources>
    <resource identifier="__5V23qEXN7B8_course_id_RES" type="webcontent" href="index_lms.html" adlcp:scormtype="sco">
      <file href="story_content/thumbnail.jpg" />
      <file href="mobile/6Y0Mwdj0ifm_80_DX126_DY126_CX94_CY93.png" />
      <file href="mobile/68WZNoyNPtc_80_DX196_DY196_CX147_CY147.png" />
      <file href="story_content/6Pg9djC7fz4_44100_48_0.mp3" />
      <file href="story_content/5mcxkP6mF32_captions.js" />
      <file href="story_content/6nS80jjaPTW_44100_48_0.mp3" />
      <file href="story_content/6bpTEH33Vpf_captions.js" />
      <file href="mobile/5g4KTBWcRid_80_DX278_DY278_CX208_CY144.jpg" />
      <file href="story_content/6lmnkdk1b8p_44100_48_0.mp3" />
      <file href="story_content/5XH5jBT8bXN_captions.js" />
      <file href="mobile/69s7QjMaDgA_80_DX184_DY184_CX138_CY138.gif" />
      <file href="story_content/6SNGYzXSDpO_44100_48_0.mp3" />
      <file href="story_content/6IF1Fmbhs33_captions.js" />
      <file href="story_content/67b48iXX94e_44100_48_0.mp3" />
      <file href="story_content/6bQ3ecPcBEV_captions.js" />
      <file href="mobile/65i48jzt8rC_80_DX394_DY394_CX208_CY295.jpg" />
      <file href="story_content/66uAmc8b9LG_44100_48_0.mp3" />
      <file href="story_content/6axBVBJacnW_captions.js" />
      <file href="story_content/6PW3gzZ5xg8_44100_48_0.mp3" />
      <file href="story_content/5kIC8O1zyKM_captions.js" />
      <file href="story_content/5jKmMY2ypON_44100_48_0.mp3" />
      <file href="story_content/6WFPPzhphpT_captions.js" />
      <file href="story_content/5d3psYYdqGt_44100_48_0.mp3" />
      <file href="story_content/6pIR6E9Xhye_captions.js" />
      <file href="story_content/6SgzSWQExKd_44100_48_0.mp3" />
      <file href="story_content/5glIt7fJfhV_captions.js" />
      <file href="story_content/5qX8SiN76fG_44100_48_0.mp3" />
      <file href="story_content/6cS51BfCNWz_captions.js" />
      <file href="story_content/61xwcUymuC0_44100_48_0.mp3" />
      <file href="story_content/6qeHut3bZGe_captions.js" />
      <file href="story_content/6gUfBtRtc5f_44100_48_0.mp3" />
      <file href="story_content/60WtSpNJpAZ_captions.js" />
      <file href="story_content/5lbbSV6HomT_44100_48_0.mp3" />
      <file href="story_content/6TdDWE6uJep_captions.js" />
      <file href="story_content/6EWFVDDodcE_44100_48_0.mp3" />
      <file href="story_content/6pxP1Mv93Xe_captions.js" />
      <file href="story_content/6YMMK6FjnRS_44100_48_0.mp3" />
      <file href="story_content/5w2Ts6K1PzW_captions.js" />
      <file href="story_content/6DtPGgWPAh8_44100_48_0.mp3" />
      <file href="story_content/6Wtw3ICcdny_captions.js" />
      <file href="mobile/638OJ5hqVMR_80_DX164_DY164_CX123_CY54.png" />
      <file href="meta.xml" />
      <file href="story_content/user.js" />
      <file href="mobile/txt__default_6T5Kkd366bw.png" />
      <file href="html5/data/css/output.min.css" />
      <file href="html5/data/js/5dGTQQRkz8C.js" />
      <file href="html5/data/js/66IHPrd72dV.js" />
      <file href="html5/data/js/6j24MtoI54t.js" />
      <file href="html5/data/js/6nHSJlaz3mK.js" />
      <file href="html5/data/js/6VFjEDP5Huw.js" />
      <file href="html5/data/js/6VlzQlmPnx4.js" />
      <file href="html5/data/js/6Z9vMXUkLAf.js" />
      <file href="html5/data/js/data.js" />
      <file href="html5/data/js/frame.js" />
      <file href="html5/data/js/paths.js" />
      <file href="html5/lib/scripts/bootstrapper.min.js" />
      <file href="html5/lib/scripts/frame.desktop.min.js" />
      <file href="html5/lib/scripts/frame.mobile.min.js" />
      <file href="html5/lib/scripts/slides.min.js" />
      <file href="html5/lib/stylesheets/desktop.min.css" />
      <file href="html5/lib/stylesheets/mobile.min.css" />
      <file href="html5/lib/stylesheets/mobile-fonts/open-sans-bold.woff" />
      <file href="html5/lib/stylesheets/mobile-fonts/open-sans-light.woff" />
      <file href="html5/lib/stylesheets/mobile-fonts/open-sans-regular.woff" />
      <file href="analytics-frame.html" />
      <file href="story.html" />
      <file href="index_lms.html" />
      <file href="lms/AICCComm.html" />
      <file href="lms/blank.html" />
      <file href="lms/browsersniff.js" />
      <file href="lms/goodbye.html" />
      <file href="lms/LICENSE.txt" />
      <file href="lms/scormdriver.js" />
    </resource>
  </resources>
</manifest>