﻿<?xml version="1.0" encoding="utf-8"?>
<manifest identifier="_5VAPqomr3uI_course_id" version="1.0" xmlns="http://www.imsproject.org/xsd/imscp_rootv1p1p2" xmlns:adlcp="http://www.adlnet.org/xsd/adlcp_rootv1p2" xmlns:xsi="http://www.w3.org/2001/XMLSchema-instance" xsi:schemaLocation="http://www.imsproject.org/xsd/imscp_rootv1p1p2 imscp_rootv1p1p2.xsd http://www.imsglobal.org/xsd/imsmd_rootv1p2p1 imsmd_rootv1p2p1.xsd http://www.adlnet.org/xsd/adlcp_rootv1p2 adlcp_rootv1p2.xsd">
  <metadata>
    <schema>ADL SCORM</schema>
    <schemaversion>1.2</schemaversion>
    <lom xmlns="http://www.imsglobal.org/xsd/imsmd_rootv1p2p1" xmlns:xsi="http://www.w3.org/2001/XMLSchema-instance" xsi:schemaLocation="http://www.imsglobal.org/xsd/imsmd_rootv1p2p1 imsmd_rootv1p2p1.xsd">
      <general>
        <title>
          <langstring xml:lang="x-none">What is research integrity</langstring>
        </title>
      </general>
      <lifecycle>
        <version>
          <langstring xml:lang="x-none">1</langstring>
        </version>
        <status>
          <source>
            <langstring xml:lang="x-none">LOMv1.0</langstring>
          </source>
          <value>
            <langstring xml:lang="x-none">Final</langstring>
          </value>
        </status>
      </lifecycle>
      <metametadata>
        <metadatascheme>ADL SCORM 1.2</metadatascheme>
      </metametadata>
      <educational>
        <typicallearningtime>
          <datetime>PT0H0M0S</datetime>
        </typicallearningtime>
      </educational>
      <rights>
        <cost>
          <source>
            <langstring xml:lang="x-none">LOMv1.0</langstring>
          </source>
          <value>
            <langstring xml:lang="x-none">yes</langstring>
          </value>
        </cost>
        <copyrightandotherrestrictions>
          <source>
            <langstring xml:lang="x-none">LOMv1.0</langstring>
          </source>
          <value>
            <langstring xml:lang="x-none">yes</langstring>
          </value>
        </copyrightandotherrestrictions>
      </rights>
    </lom>
  </metadata>
  <organizations default="What_is_research_integrity_ORG">
    <organization identifier="What_is_research_integrity_ORG">
      <title>What is research integrity</title>
      <item identifier="What_is_research_integrity_SCO" isvisible="true" identifierref="__5VAPqomr3uI_course_id_RES">
        <title>What is research integrity</title>
      </item>
    </organization>
  </organizations>
  <resources>
    <resource identifier="__5VAPqomr3uI_course_id_RES" type="webcontent" href="index_lms.html" adlcp:scormtype="sco">
      <file href="story_content/thumbnail.jpg" />
      <file href="mobile/6Y0Mwdj0ifm_80_DX126_DY126_CX94_CY93.png" />
      <file href="mobile/68WZNoyNPtc_80_DX196_DY196_CX147_CY147.png" />
      <file href="story_content/5cWemdkbtjz_44100_48_0.mp3" />
      <file href="story_content/5bDDdNZGR3V_captions.js" />
      <file href="story_content/6nS80jjaPTW_44100_48_0.mp3" />
      <file href="story_content/6LY0zgCxVNG_captions.js" />
      <file href="mobile/5g4KTBWcRid_80_DX278_DY278_CX208_CY144.jpg" />
      <file href="story_content/6lmnkdk1b8p_44100_48_0.mp3" />
      <file href="story_content/5YsUfi3o2iP_captions.js" />
      <file href="mobile/69s7QjMaDgA_80_DX184_DY184_CX138_CY138.gif" />
      <file href="story_content/6SlUjVTxJbe_44100_48_0.mp3" />
      <file href="story_content/6LPcq1XXslr_captions.js" />
      <file href="story_content/5oKEIEbdCoE_44100_48_0.mp3" />
      <file href="story_content/5i5JWT1XPvx_captions.js" />
      <file href="story_content/64PVXRTGHEb_44100_48_0.mp3" />
      <file href="story_content/5bNzmbI7mBC_captions.js" />
      <file href="story_content/6cEdjuum1pV_44100_48_0.mp3" />
      <file href="story_content/6Z5eLJODlHd_captions.js" />
      <file href="story_content/5hW55c8qODt_44100_48_0.mp3" />
      <file href="story_content/6DOqE9bqJnz_captions.js" />
      <file href="story_content/6mhO0eGjDbf_44100_48_0.mp3" />
      <file href="story_content/6mBAMjBdHmC_captions.js" />
      <file href="story_content/600Csf9RsgM_44100_48_0.mp3" />
      <file href="story_content/6P4MPLEYqeJ_captions.js" />
      <file href="mobile/65i48jzt8rC_80_DX270_DY270_CX142_CY201.jpg" />
      <file href="story_content/619qUO3FzYt_44100_48_0.mp3" />
      <file href="story_content/5a48iRWiWQD_captions.js" />
      <file href="story_content/6GlbaPyaaQ3_44100_48_0.mp3" />
      <file href="story_content/6Dmozbtv5PO_captions.js" />
      <file href="story_content/6c2vnZyoVLq_44100_48_0.mp3" />
      <file href="story_content/6fVp48d7N8x_captions.js" />
      <file href="story_content/6mLDbl75r0X_44100_48_0.mp3" />
      <file href="story_content/6KqA38SNhLp_captions.js" />
      <file href="story_content/6eGLQQ4sTWz_44100_48_0.mp3" />
      <file href="story_content/6JvhzMUxsBx_captions.js" />
      <file href="story_content/5sThrGCalo0_44100_48_0.mp3" />
      <file href="story_content/67umqb08fzG_captions.js" />
      <file href="story_content/630MLY7qZzO_44100_48_0.mp3" />
      <file href="story_content/5pBZRulxuGC_captions.js" />
      <file href="story_content/6Bt7cdcazXI_44100_48_0.mp3" />
      <file href="story_content/6lS2sfYhL7D_captions.js" />
      <file href="story_content/69cdUK8Wfy0_44100_48_0.mp3" />
      <file href="story_content/6Z9By7CddGt_44100_48_0.mp3" />
      <file href="story_content/5xJnsgPTYwS_44100_48_0.mp3" />
      <file href="story_content/6cmOlHIkw0j_44100_48_0.mp3" />
      <file href="story_content/5ZBdfBDpzoW_captions.js" />
      <file href="story_content/5zvqEPNrWGQ_44100_48_0.mp3" />
      <file href="story_content/5s2ECrNJzA3_captions.js" />
      <file href="story_content/5hfrnC989ud_44100_48_0.mp3" />
      <file href="story_content/5mZiKghkuRF_captions.js" />
      <file href="story_content/5kZKZHiLdiD_44100_48_0.mp3" />
      <file href="story_content/5poOP3ILWxi_captions.js" />
      <file href="story_content/5YXQae4m7ay_44100_48_0.mp3" />
      <file href="story_content/6Xt2ykKElBt_captions.js" />
      <file href="mobile/65i48jzt8rC_80_DX268_DY268_CX77_CY109.jpg" />
      <file href="story_content/5bH46PGVlk2_44100_48_0.mp3" />
      <file href="story_content/6ahPqGGlAbb_captions.js" />
      <file href="story_content/66O7htRpbyf_44100_48_0.mp3" />
      <file href="story_content/6MN7u95wQ7O_captions.js" />
      <file href="story_content/5YCnCPJ8teP_44100_48_0.mp3" />
      <file href="story_content/5w65Tw1ye0N_captions.js" />
      <file href="story_content/5hvxvN3jhdN_44100_48_0.mp3" />
      <file href="story_content/6khzGlhApDn_44100_48_0.mp3" />
      <file href="story_content/6XfRqZZ1YlW_captions.js" />
      <file href="story_content/5cgKJwG4amZ_44100_48_0.mp3" />
      <file href="story_content/5ogP7IM8zVo_44100_48_0.mp3" />
      <file href="story_content/6hVrG1Vais8_captions.js" />
      <file href="story_content/6oPnJjnA8l2_44100_48_0.mp3" />
      <file href="story_content/6HhQbbYc3AZ_captions.js" />
      <file href="story_content/6aRNRxHObCi_44100_48_0.mp3" />
      <file href="story_content/5u89GgvCugs_captions.js" />
      <file href="story_content/5tpcb5pDhVA_44100_48_0.mp3" />
      <file href="story_content/600fin3I40R_captions.js" />
      <file href="story_content/6aRVnyqHfyY_44100_48_0.mp3" />
      <file href="story_content/6kyTNF45jFk_captions.js" />
      <file href="story_content/6M70NpsYNms_44100_48_0.mp3" />
      <file href="story_content/5x490DWYjXF_captions.js" />
      <file href="mobile/638OJ5hqVMR_80_DX164_DY164_CX123_CY54.png" />
      <file href="meta.xml" />
      <file href="story_content/user.js" />
      <file href="mobile/txt__default_6hKfdVULxhf.png" />
      <file href="mobile/txt__default_5m16WSuB5nx.png" />
      <file href="mobile/txt__default_6cOum2X8zPX.png" />
      <file href="mobile/txt__default_5zC7TtuOhUU.png" />
      <file href="mobile/txt__default_6HjWo5aqJzi.png" />
      <file href="mobile/txt__default_5X3mCEsy8SJ.png" />
      <file href="mobile/txt__default_5zioxJCzbuQ.png" />
      <file href="mobile/txt__default_5xLPhmBdItX.png" />
      <file href="mobile/txt__default_6J3mEiOmCtn.png" />
      <file href="mobile/txt__default_6Ldj8sCGMMD.png" />
      <file href="mobile/Shape6GNasnKvoCg.png" />
      <file href="html5/data/css/output.min.css" />
      <file href="html5/data/js/5nMWZxsImPX.js" />
      <file href="html5/data/js/5uSQ8JzT5f3.js" />
      <file href="html5/data/js/64w7mT9oyi0.js" />
      <file href="html5/data/js/65ttSECAFn0.js" />
      <file href="html5/data/js/6CJxqNq8c4R.js" />
      <file href="html5/data/js/6ElU95NRJhr.js" />
      <file href="html5/data/js/6F7P8koRmBz.js" />
      <file href="html5/data/js/6g1VbRFxDqi.js" />
      <file href="html5/data/js/6X7UeLf1ruS.js" />
      <file href="html5/data/js/data.js" />
      <file href="html5/data/js/frame.js" />
      <file href="html5/data/js/paths.js" />
      <file href="html5/lib/scripts/ds-bootstrap.min.js" />
      <file href="html5/lib/scripts/ds-frame.desktop.min.js" />
      <file href="html5/lib/scripts/ds-frame.mobile.min.js" />
      <file href="html5/lib/scripts/ds-slides.min.js" />
      <file href="html5/lib/stylesheets/desktop.min.css" />
      <file href="html5/lib/stylesheets/mobile.min.css" />
      <file href="html5/lib/stylesheets/mobile-fonts/open-sans-bold.woff" />
      <file href="html5/lib/stylesheets/mobile-fonts/open-sans-light.woff" />
      <file href="html5/lib/stylesheets/mobile-fonts/open-sans-regular.woff" />
      <file href="analytics-frame.html" />
      <file href="story.html" />
      <file href="index_lms.html" />
      <file href="lms/AICCComm.html" />
      <file href="lms/blank.html" />
      <file href="lms/browsersniff.js" />
      <file href="lms/goodbye.html" />
      <file href="lms/scormdriver.js" />
    </resource>
  </resources>
</manifest>