﻿<?xml version="1.0" encoding="utf-8"?>
<manifest identifier="_6rUrsqEU34l_course_id" version="1.0" xmlns="http://www.imsproject.org/xsd/imscp_rootv1p1p2" xmlns:adlcp="http://www.adlnet.org/xsd/adlcp_rootv1p2" xmlns:xsi="http://www.w3.org/2001/XMLSchema-instance" xsi:schemaLocation="http://www.imsproject.org/xsd/imscp_rootv1p1p2 imscp_rootv1p1p2.xsd http://www.imsglobal.org/xsd/imsmd_rootv1p2p1 imsmd_rootv1p2p1.xsd http://www.adlnet.org/xsd/adlcp_rootv1p2 adlcp_rootv1p2.xsd">
  <metadata>
    <schema>ADL SCORM</schema>
    <schemaversion>1.2</schemaversion>
    <lom xmlns="http://www.imsglobal.org/xsd/imsmd_rootv1p2p1" xmlns:xsi="http://www.w3.org/2001/XMLSchema-instance" xsi:schemaLocation="http://www.imsglobal.org/xsd/imsmd_rootv1p2p1 imsmd_rootv1p2p1.xsd">
      <general>
        <title>
          <langstring xml:lang="x-none">Why we justify unethical behaviour</langstring>
        </title>
      </general>
      <lifecycle>
        <version>
          <langstring xml:lang="x-none">1</langstring>
        </version>
        <status>
          <source>
            <langstring xml:lang="x-none">LOMv1.0</langstring>
          </source>
          <value>
            <langstring xml:lang="x-none">Final</langstring>
          </value>
        </status>
      </lifecycle>
      <metametadata>
        <metadatascheme>ADL SCORM 1.2</metadatascheme>
      </metametadata>
      <educational>
        <typicallearningtime>
          <datetime>PT0H0M0S</datetime>
        </typicallearningtime>
      </educational>
      <rights>
        <cost>
          <source>
            <langstring xml:lang="x-none">LOMv1.0</langstring>
          </source>
          <value>
            <langstring xml:lang="x-none">yes</langstring>
          </value>
        </cost>
        <copyrightandotherrestrictions>
          <source>
            <langstring xml:lang="x-none">LOMv1.0</langstring>
          </source>
          <value>
            <langstring xml:lang="x-none">yes</langstring>
          </value>
        </copyrightandotherrestrictions>
      </rights>
    </lom>
  </metadata>
  <organizations default="Why_we_justify_unethical_behaviour_ORG">
    <organization identifier="Why_we_justify_unethical_behaviour_ORG">
      <title>Why we justify unethical behaviour</title>
      <item identifier="Why_we_justify_unethical_behaviour_SCO" isvisible="true" identifierref="__6rUrsqEU34l_course_id_RES">
        <title>Why we justify unethical behaviour</title>
      </item>
    </organization>
  </organizations>
  <resources>
    <resource identifier="__6rUrsqEU34l_course_id_RES" type="webcontent" href="index_lms.html" adlcp:scormtype="sco">
      <file href="story_content/thumbnail.jpg" />
      <file href="mobile/6Y0Mwdj0ifm_80_DX126_DY126_CX94_CY93.png" />
      <file href="mobile/68WZNoyNPtc_80_DX196_DY196_CX147_CY147.png" />
      <file href="story_content/5p8NJAcglMm_44100_48_0.mp3" />
      <file href="story_content/6kWzivGDhRf_captions.js" />
      <file href="story_content/6nS80jjaPTW_44100_48_0.mp3" />
      <file href="story_content/68mQSdI1GSu_captions.js" />
      <file href="mobile/5g4KTBWcRid_80_DX278_DY278_CX208_CY144.jpg" />
      <file href="story_content/6lmnkdk1b8p_44100_48_0.mp3" />
      <file href="story_content/6XWpjZMEXin_captions.js" />
      <file href="mobile/5okJSWfIGmV_80_P_0_0_203_176_DX132_DY132_CX49_CY43.png" />
      <file href="mobile/69s7QjMaDgA_80_DX184_DY184_CX138_CY138.gif" />
      <file href="story_content/6gS7d0zkOV8_44100_48_0.mp3" />
      <file href="story_content/68KNjaQ7ESq_captions.js" />
      <file href="story_content/5zTO30pzZv1_44100_48_0.mp3" />
      <file href="story_content/5ck1Mr1KIO6_captions.js" />
      <file href="mobile/5okJSWfIGmV_80_P_0_0_203_176_DX132_DY132_CX34_CY30.png" />
      <file href="story_content/66fhoqDiBDS_44100_48_0.mp3" />
      <file href="story_content/6T9QNuGKDd0_captions.js" />
      <file href="story_content/6UZXyHdg4X1_44100_48_0.mp3" />
      <file href="story_content/67Fe52fhS5W_captions.js" />
      <file href="story_content/5ntyq0n7Abp_44100_48_0.mp3" />
      <file href="story_content/6DN3E1WOOvj_captions.js" />
      <file href="story_content/5gHsufa9c9E_44100_48_0.mp3" />
      <file href="story_content/5fUQIB9Hlmu_captions.js" />
      <file href="story_content/61u8bzXzFAy_44100_48_0.mp3" />
      <file href="story_content/5yKgUXIBok9_captions.js" />
      <file href="story_content/5WeCFNFvvh3_44100_48_0.mp3" />
      <file href="story_content/5y6SN5pPsLg_captions.js" />
      <file href="story_content/696IAAhgARk_44100_48_0.mp3" />
      <file href="story_content/66wDE536MYh_captions.js" />
      <file href="story_content/6SQ6V6nW3G0_44100_48_0.mp3" />
      <file href="story_content/6RAKlOZ7plh_captions.js" />
      <file href="mobile/5luTLgxkW9m_80_RG_DX1212_DY1212_CX586_CY697.png" />
      <file href="mobile/6hFlNQcngqz_80_DX618_DY618_CX461_CY220.png" />
      <file href="mobile/5luTLgxkW9m_X_80_RG_DX1214_DY1214_CX681_CY810.png" />
      <file href="mobile/5luTLgxkW9m_80_RG_DX1214_DY1214_CX681_CY810.png" />
      <file href="story_content/67HbVttDPP2_44100_48_0.mp3" />
      <file href="story_content/6EFRLfr00Jh_captions.js" />
      <file href="story_content/6AR5kI9Re1r_44100_48_0.mp3" />
      <file href="story_content/5xbmhc3Z0DB_captions.js" />
      <file href="story_content/6SaQmgLULYc_44100_48_0.mp3" />
      <file href="story_content/6DEtzgr4eXr_44100_48_0.mp3" />
      <file href="story_content/5p37HKGb70s_captions.js" />
      <file href="story_content/5xXFBqOTTyK_44100_48_0.mp3" />
      <file href="story_content/5xgZsY0aY4p_44100_48_0.mp3" />
      <file href="story_content/6PiVohUzVhn_captions.js" />
      <file href="story_content/6HWy48Y0WVw_44100_48_0.mp3" />
      <file href="story_content/5n4AlCR5ZdL_captions.js" />
      <file href="story_content/6gHpwsPsRY9_44100_48_0.mp3" />
      <file href="story_content/6WV81fir8E8_captions.js" />
      <file href="story_content/5ljNY6uruJN_44100_48_0.mp3" />
      <file href="story_content/5zTRHvkAP3L_captions.js" />
      <file href="story_content/6YXKhZuGpCL_44100_48_0.mp3" />
      <file href="story_content/6F7AWi24NUr_captions.js" />
      <file href="story_content/68PlPIBl2jE_44100_48_0.mp3" />
      <file href="story_content/61s1IPkNndT_captions.js" />
      <file href="story_content/5pywMO2oZjL_44100_48_0.mp3" />
      <file href="story_content/60TXm5KMoJK_captions.js" />
      <file href="story_content/6e6zftP2Jpv_44100_48_0.mp3" />
      <file href="story_content/6aWi20BNhXa_captions.js" />
      <file href="story_content/5dz85SIUk40_44100_48_0.mp3" />
      <file href="story_content/5i0yOs97jL6_captions.js" />
      <file href="story_content/6PaGH7g2i1m_44100_48_0.mp3" />
      <file href="story_content/6aJxeGzgaad_captions.js" />
      <file href="story_content/5UnPoFuToOk_44100_48_0.mp3" />
      <file href="story_content/6m9SDggE4Wo_captions.js" />
      <file href="story_content/6hT3erMPM4P_44100_48_0.mp3" />
      <file href="story_content/6hjo0yYGGf4_captions.js" />
      <file href="story_content/6YHbBXUAf4z_44100_48_0.mp3" />
      <file href="story_content/6BxktdAlhNj_captions.js" />
      <file href="story_content/5xPXJDLDyIH_44100_48_0.mp3" />
      <file href="story_content/64f7PdGvZ0e_captions.js" />
      <file href="story_content/5bDCK0qJ4Mc_44100_48_0.mp3" />
      <file href="story_content/6oBi2PXcaX5_captions.js" />
      <file href="story_content/5dFepRtXk12_44100_48_0.mp3" />
      <file href="story_content/6oHPugDehjU_captions.js" />
      <file href="mobile/638OJ5hqVMR_80_DX164_DY164_CX123_CY54.png" />
      <file href="meta.xml" />
      <file href="story_content/user.js" />
      <file href="mobile/txt__default_619chcRLuDV.png" />
      <file href="mobile/txt__default_5ncPZfKcjm8.png" />
      <file href="mobile/txt__default_6ShT9hUcYkD.png" />
      <file href="mobile/txt__default_Hover_6qYchA43rZm.png" />
      <file href="mobile/txt__default_Hover_Selected_6qYchA43rZm.png" />
      <file href="mobile/txt__default_Hover_6ZjhMitCWCT.png" />
      <file href="mobile/txt__default_Hover_Selected_6ZjhMitCWCT.png" />
      <file href="mobile/txt__default_Hover_6YQTuitLMk8.png" />
      <file href="mobile/txt__default_Hover_Selected_6YQTuitLMk8.png" />
      <file href="mobile/txt__default_Hover_6IYcNzCS6ro.png" />
      <file href="mobile/txt__default_Hover_Selected_6IYcNzCS6ro.png" />
      <file href="mobile/txt__default_Hover_65FYhkJqgC0.png" />
      <file href="mobile/txt__default_Hover_Selected_65FYhkJqgC0.png" />
      <file href="html5/data/css/output.min.css" />
      <file href="html5/data/js/5e3XA4M38c3.js" />
      <file href="html5/data/js/5eRVzSWG9ad.js" />
      <file href="html5/data/js/5to7vDHIRa5.js" />
      <file href="html5/data/js/67S2cNdnUYJ.js" />
      <file href="html5/data/js/69ItE4w5EMj.js" />
      <file href="html5/data/js/6JL3Th5V0d0.js" />
      <file href="html5/data/js/6QNN3kYWj82.js" />
      <file href="html5/data/js/6RHwdvYmNS9.js" />
      <file href="html5/data/js/data.js" />
      <file href="html5/data/js/frame.js" />
      <file href="html5/data/js/paths.js" />
      <file href="html5/lib/scripts/ds-bootstrap.min.js" />
      <file href="html5/lib/scripts/ds-frame.desktop.min.js" />
      <file href="html5/lib/scripts/ds-frame.mobile.min.js" />
      <file href="html5/lib/scripts/ds-slides.min.js" />
      <file href="html5/lib/stylesheets/desktop.min.css" />
      <file href="html5/lib/stylesheets/mobile.min.css" />
      <file href="html5/lib/stylesheets/mobile-fonts/open-sans-bold.woff" />
      <file href="html5/lib/stylesheets/mobile-fonts/open-sans-light.woff" />
      <file href="html5/lib/stylesheets/mobile-fonts/open-sans-regular.woff" />
      <file href="analytics-frame.html" />
      <file href="story.html" />
      <file href="index_lms.html" />
      <file href="lms/AICCComm.html" />
      <file href="lms/blank.html" />
      <file href="lms/browsersniff.js" />
      <file href="lms/goodbye.html" />
      <file href="lms/scormdriver.js" />
    </resource>
  </resources>
</manifest>