﻿<?xml version="1.0" encoding="utf-8"?>
<manifest identifier="_6OasFdw7HQP_course_id" version="1.0" xmlns="http://www.imsproject.org/xsd/imscp_rootv1p1p2" xmlns:adlcp="http://www.adlnet.org/xsd/adlcp_rootv1p2" xmlns:xsi="http://www.w3.org/2001/XMLSchema-instance" xsi:schemaLocation="http://www.imsproject.org/xsd/imscp_rootv1p1p2 imscp_rootv1p1p2.xsd http://www.imsglobal.org/xsd/imsmd_rootv1p2p1 imsmd_rootv1p2p1.xsd http://www.adlnet.org/xsd/adlcp_rootv1p2 adlcp_rootv1p2.xsd">
  <metadata>
    <schema>ADL SCORM</schema>
    <schemaversion>1.2</schemaversion>
    <lom xmlns="http://www.imsglobal.org/xsd/imsmd_rootv1p2p1" xmlns:xsi="http://www.w3.org/2001/XMLSchema-instance" xsi:schemaLocation="http://www.imsglobal.org/xsd/imsmd_rootv1p2p1 imsmd_rootv1p2p1.xsd">
      <general>
        <title>
          <langstring xml:lang="x-none">Three levels of Research Integrity</langstring>
        </title>
      </general>
      <lifecycle>
        <version>
          <langstring xml:lang="x-none">1</langstring>
        </version>
        <status>
          <source>
            <langstring xml:lang="x-none">LOMv1.0</langstring>
          </source>
          <value>
            <langstring xml:lang="x-none">Final</langstring>
          </value>
        </status>
      </lifecycle>
      <metametadata>
        <metadatascheme>ADL SCORM 1.2</metadatascheme>
      </metametadata>
      <educational>
        <typicallearningtime>
          <datetime>PT0H0M0S</datetime>
        </typicallearningtime>
      </educational>
      <rights>
        <cost>
          <source>
            <langstring xml:lang="x-none">LOMv1.0</langstring>
          </source>
          <value>
            <langstring xml:lang="x-none">yes</langstring>
          </value>
        </cost>
        <copyrightandotherrestrictions>
          <source>
            <langstring xml:lang="x-none">LOMv1.0</langstring>
          </source>
          <value>
            <langstring xml:lang="x-none">yes</langstring>
          </value>
        </copyrightandotherrestrictions>
      </rights>
    </lom>
  </metadata>
  <organizations default="Three_levels_of_Research_Integrity_ORG">
    <organization identifier="Three_levels_of_Research_Integrity_ORG">
      <title>Three levels of Research Integrity</title>
      <item identifier="Three_levels_of_Research_Integrity_SCO" isvisible="true" identifierref="__6OasFdw7HQP_course_id_RES">
        <title>Three levels of Research Integrity</title>
      </item>
    </organization>
  </organizations>
  <resources>
    <resource identifier="__6OasFdw7HQP_course_id_RES" type="webcontent" href="index_lms.html" adlcp:scormtype="sco">
      <file href="story_content/thumbnail.jpg" />
      <file href="mobile/6Y0Mwdj0ifm_80_DX126_DY126_CX94_CY93.png" />
      <file href="mobile/68WZNoyNPtc_80_DX196_DY196_CX147_CY147.png" />
      <file href="story_content/6TiK2gNGhsB_44100_48_0.mp3" />
      <file href="story_content/66zOpaL46gC_captions.js" />
      <file href="story_content/6nS80jjaPTW_44100_48_0.mp3" />
      <file href="story_content/5btfSfmlw3L_captions.js" />
      <file href="mobile/5g4KTBWcRid_80_DX278_DY278_CX208_CY144.jpg" />
      <file href="story_content/6lmnkdk1b8p_44100_48_0.mp3" />
      <file href="story_content/6chqapExF1k_captions.js" />
      <file href="mobile/69s7QjMaDgA_80_DX184_DY184_CX138_CY138.gif" />
      <file href="mobile/65i48jzt8rC_80_DX346_DY346_CX183_CY259.jpg" />
      <file href="story_content/6dm6RGoyDdT_44100_48_0.mp3" />
      <file href="story_content/5nTqhSoh5SY_captions.js" />
      <file href="story_content/6kSHxBxbmWZ_44100_48_0.mp3" />
      <file href="story_content/5axqXv5IPQK_captions.js" />
      <file href="story_content/5kQdP8IrEPs_44100_48_0.mp3" />
      <file href="story_content/6TH6OWJTU6j_captions.js" />
      <file href="story_content/5rzVzFeBKGc_44100_48_0.mp3" />
      <file href="story_content/6a3osAoHtxJ_captions.js" />
      <file href="mobile/5v5BCiQgnQb_80_P_108_0_284_337_DX540_DY540_CX213_CY253.png" />
      <file href="story_content/63WIy1YQhgH_44100_48_0.mp3" />
      <file href="story_content/6LIrrJOpX0S_captions.js" />
      <file href="mobile/5v5BCiQgnQb_80_P_108_0_284_337_DX540_DY540_CX100_CY119.png" />
      <file href="story_content/6pvVm16AggR_44100_48_0.mp3" />
      <file href="story_content/6fbaT1F2sk0_captions.js" />
      <file href="story_content/6byk6lSdGBe_44100_48_0.mp3" />
      <file href="story_content/5ny8htvuK9z_captions.js" />
      <file href="story_content/6b3yj39hHeg_44100_48_0.mp3" />
      <file href="story_content/6oNoLNBgfXT_captions.js" />
      <file href="mobile/6ZLFxWdDHO8_80_P_81_0_243_278_DX316_DY316_CX128_CY147.png" />
      <file href="story_content/6DrGiaqUo9b_44100_48_0.mp3" />
      <file href="story_content/6I8KNsy5l9R_captions.js" />
      <file href="story_content/5x8JgIEYhIQ_44100_48_0.mp3" />
      <file href="story_content/5Uss25MAOZ3_captions.js" />
      <file href="story_content/69ofaWjaiV5_44100_48_0.mp3" />
      <file href="story_content/66jXGYvhK6A_captions.js" />
      <file href="story_content/5Z6X2lWicGz_44100_48_0.mp3" />
      <file href="story_content/6TMMKUyqUWr_captions.js" />
      <file href="story_content/5wotNSc8M2D_44100_48_0.mp3" />
      <file href="story_content/5h7tTTNAYlo_captions.js" />
      <file href="story_content/6Mj0KMgTk7t_44100_48_0.mp3" />
      <file href="story_content/6YH2Ov1bfOp_captions.js" />
      <file href="mobile/616JA7KCrQ1_80_DX272_DY272_CX144_CY204.png" />
      <file href="story_content/6Usw6FCddG8_44100_48_0.mp3" />
      <file href="story_content/6JLdFQJIap1_captions.js" />
      <file href="story_content/66hdQx9F9Nd_44100_48_0.mp3" />
      <file href="story_content/65GcymCAILZ_captions.js" />
      <file href="story_content/6I9SYWBlHe8_44100_48_0.mp3" />
      <file href="story_content/6SB3GbI796s_captions.js" />
      <file href="story_content/6dBu6Iaq8W8_44100_48_0.mp3" />
      <file href="story_content/6hIzqAq1krK_captions.js" />
      <file href="story_content/5frUxk8F6TG_44100_48_0.mp3" />
      <file href="story_content/5xOMyTab116_captions.js" />
      <file href="story_content/5t1MY3n5je4_44100_48_0.mp3" />
      <file href="story_content/5uEKNVyel3k_captions.js" />
      <file href="story_content/6d3cgc4vxiE_44100_48_0.mp3" />
      <file href="story_content/6OUvJMLgtEd_captions.js" />
      <file href="story_content/5a6R0boCCJF_44100_48_0.mp3" />
      <file href="story_content/69funvX3ST0_captions.js" />
      <file href="story_content/5UuRHVtPOzC_44100_48_0.mp3" />
      <file href="story_content/6g1TBNK0y7K_captions.js" />
      <file href="story_content/6e8t3bSA8vg_44100_48_0.mp3" />
      <file href="story_content/5v4JSDhasT5_captions.js" />
      <file href="story_content/61tN4FqS9Z9_44100_48_0.mp3" />
      <file href="story_content/6ZDbcM2raRj_captions.js" />
      <file href="story_content/6UFCcz032oQ_44100_48_0.mp3" />
      <file href="story_content/5wlLIbDyW6u_captions.js" />
      <file href="story_content/6l7R6BioJLa_44100_48_0.mp3" />
      <file href="story_content/6iZTu1jzUde_captions.js" />
      <file href="story_content/5ordWdz2Nu8_44100_48_0.mp3" />
      <file href="story_content/5XBrcdULL0h_captions.js" />
      <file href="story_content/5r1YkdeR2kg_44100_48_0.mp3" />
      <file href="story_content/5kMXwxuDzeN_captions.js" />
      <file href="story_content/6XDTtukWDmy_44100_48_0.mp3" />
      <file href="story_content/6pVNnzEScyk_captions.js" />
      <file href="story_content/6B74WgSGfnl_44100_48_0.mp3" />
      <file href="story_content/5d3yYpVs8Dn_captions.js" />
      <file href="story_content/67Fe7mxTZmX_44100_48_0.mp3" />
      <file href="story_content/5cI1vzor0kl_captions.js" />
      <file href="story_content/647kQU6eBl1_44100_48_0.mp3" />
      <file href="story_content/6hReYEuroom_captions.js" />
      <file href="story_content/6hFgRXj56RQ_44100_48_0.mp3" />
      <file href="story_content/5cB7dZaJi6t_captions.js" />
      <file href="mobile/638OJ5hqVMR_80_DX164_DY164_CX123_CY54.png" />
      <file href="meta.xml" />
      <file href="story_content/user.js" />
      <file href="mobile/txt__default_6gBrCmFexqG.png" />
      <file href="html5/data/css/output.min.css" />
      <file href="html5/data/js/5dqDDkUV32e.js" />
      <file href="html5/data/js/5ruA7fQV6XV.js" />
      <file href="html5/data/js/5WIpoOMh9Ws.js" />
      <file href="html5/data/js/60U1D8O4LhL.js" />
      <file href="html5/data/js/614Qdkcd5st.js" />
      <file href="html5/data/js/6FARlQGKFFr.js" />
      <file href="html5/data/js/6J3QWzyraD5.js" />
      <file href="html5/data/js/6LLZM6qjZ7i.js" />
      <file href="html5/data/js/6N463pt16cc.js" />
      <file href="html5/data/js/6oDEQCJLLGn.js" />
      <file href="html5/data/js/6RLJNYvAwJE.js" />
      <file href="html5/data/js/data.js" />
      <file href="html5/data/js/frame.js" />
      <file href="html5/data/js/paths.js" />
      <file href="html5/lib/scripts/bootstrapper.min.js" />
      <file href="html5/lib/scripts/frame.desktop.min.js" />
      <file href="html5/lib/scripts/frame.mobile.min.js" />
      <file href="html5/lib/scripts/slides.min.js" />
      <file href="html5/lib/stylesheets/desktop.min.css" />
      <file href="html5/lib/stylesheets/mobile.min.css" />
      <file href="html5/lib/stylesheets/mobile-fonts/open-sans-bold.woff" />
      <file href="html5/lib/stylesheets/mobile-fonts/open-sans-light.woff" />
      <file href="html5/lib/stylesheets/mobile-fonts/open-sans-regular.woff" />
      <file href="analytics-frame.html" />
      <file href="story.html" />
      <file href="index_lms.html" />
      <file href="lms/AICCComm.html" />
      <file href="lms/blank.html" />
      <file href="lms/browsersniff.js" />
      <file href="lms/goodbye.html" />
      <file href="lms/LICENSE.txt" />
      <file href="lms/scormdriver.js" />
    </resource>
  </resources>
</manifest>